Var1,Var2,Var3,Var4,Var5,Var6,Var7,Var8,Var9,Var10,S,S2,S3,S4
2309,Orphaned Land,"Doom/Death/Middle Eastern Folk Metal (early), Middle Eastern Folk/Progressive Metal (later)","Israel",Active,1,13.5384615384615,1,0.855297929235309,1,7.26923076923077,5.13125315589895,6.21735802405667,0.855297929235309
129795,Amaseffer,"Progressive/Folk Metal","Israel",Active,1,1,0.316129032258064,0.414929126335629,0.5,0.329032258064516,0.288509693098949,0.136525067374949,0.0655855715820833
162,Sentenced,"Death Metal (early), Melodic Death Metal (mid), Gothic Metal (later)","Finland",Split-up,0.784206943498979,0.923076923076923,0.120390455531453,0.623524246872137,0.5,0.204573590904842,0.217877734576078,0.12755659419887,0.0375331840579215
3540429071,Scardust,"Symphonic Progressive Metal","Israel",Active,0.388663967611336,0.384615384615385,0.923497267759563,0.827031473382567,0.5,0.127104063388659,0.138308931223159,0.105119060817234,0.381880653009983
1,Amorphis,"Progressive/Death/Doom Metal (early), Melodic Heavy Metal/Rock (later)","Finland",Active,0.364672364672365,0.615384615384615,0.209550118389897,0.855297929235309,0.5,0.0752077250164798,0.102122403069923,0.0643250114690938,0.0896138911649466
3540263990,Aspherium,"Melodic Death Metal/Metalcore","Norway",Active,0.243448858833474,0.230769230769231,0.930288461538462,0.87961747429865,0.5,0.0706645425580337,0.0828000067600207,0.062157766447367,0.409148993453819
3540405193,Somnia,"Symphonic/Progressive Metal","Israel",Changed name,0.399168399168399,0.384615384615385,1,0.757799595527554,0.5,0.0690868383176075,0.0712653631648379,0.0523539781333605,0.189449898881888
3540412683,Sinsaenum,"Black/Death Metal","International",Active,0.234432234432234,0.230769230769231,0.681742043551089,0.855297929235309,0.5,0.0534805142458795,0.0690719102732358,0.0457417730889402,0.291546279060947
38,Opeth,"Progressive Death Metal, Progressive Rock","Sweden",Active,0.189349112426035,0.307692307692308,0.229640870005058,0.87961747429865,0.75,0.0381538351027715,0.0670745870767345,0.0335607800679071,0.151497091552195
157,Kreator,"Thrash Metal","Germany",Active,0.208017334777898,0.384615384615385,0.304202801867912,0.87961747429865,0.5,0.0358215308247001,0.054376967654412,0.031509244469534,0.133791050126813
3540352291,Arsenic Addiction,"Gothic Metal","United States",Active,0.155465587044534,0.153846153846154,0.953086419753086,0.87961747429865,0.5,0.0430224805933308,0.0514733615649656,0.0378433257175683,0.419175734665776
13991,Eluveitie,"Folk/Melodic Death Metal, Folk","Switzerland",Active,0.147201635573729,0.230769230769231,0.281746031746032,0.87961747429865,0.75,0.0282911568370296,0.0512310539486847,0.0248853959219749,0.185871549628584
106322,Leprous,"Progressive Metal/Rock","Norway",Active,0.210989010989011,0.230769230769231,0.344709897610922,0.87961747429865,0.5,0.0303549430354366,0.0511682321821117,0.0267007383253101,0.151606424751132
6591,Helevorn,"Doom/Gothic Metal","Spain",Active,0.144090056285178,0.153846153846154,0.367601246105919,0.87961747429865,0.75,0.0281757694533203,0.0504698791474932,0.0247838991629506,0.242511359736544
89420,Legenda Aurea,"Symphonic Power Metal","Switzerland",Active,0.157959687371452,0.153846153846154,0.946022727272727,0.794569598082554,0.5,0.0434337361527818,0.0498741516531846,0.0345111262781395,0.375840449093026
8192,Noctiferia,"Melodic Black Metal/Symphonic Black/Death Metal (early), Industrial Metal (later)","Slovenia",Active,0.141332351858668,0.153846153846154,0.635514018691589,0.794569598082554,0.625,0.0348631655151009,0.0466376082626513,0.0277012114112193,0.315600074004753
59585,Method,"Thrash/Melodic Death Metal","Korea, South",Active,0.154651631091422,0.153846153846154,0.772994129158513,0.87961747429865,0.5,0.0358343403819766,0.0465619397774516,0.0315205119799524,0.339969571769048
2289,DragonForce,"Power Metal","United Kingdom",Active,0.249269717624148,0.307692307692308,0.265342960288809,0.87961747429865,0.375,0.026782563644687,0.0452627923592527,0.0235584109883824,0.0875251142070633
547,Pain of Salvation,"Progressive Rock/Metal","Sweden",Active,0.118153846153846,0.153846153846154,0.517391304347826,0.827031473382567,0.75,0.0297409827630563,0.0442565592096457,0.024596728794376,0.320924169562583
3540361522,Distorted Harmony,"Progressive Metal/Rock","Israel",Active,0.233198380566802,0.230769230769231,0.895604395604396,0.855297929235309,0.5,0.0328335631979357,0.0385102164652749,0.028082478612611,0.19150214624362
105456,Myrath,"Progressive Metal with Middle Eastern Folk influences","Tunisia",Active,0.136121942573555,0.153846153846154,0.619047619047619,0.87961747429865,0.5,0.0263019504423262,0.0374905068487469,0.0231356552172072,0.27226255156863
54764,Bloodbound,"Heavy/Power Metal","Sweden",Active,0.137388193202147,0.153846153846154,0.566068515497553,0.87961747429865,0.5,0.0247269439202132,0.03662613853063,0.0217502519582223,0.248961878940972
334,Exhorder,"Thrash/Groove Metal","United States",Active,0.135497529992943,0.153846153846154,0.564285714285714,0.87961747429865,0.5,0.0243262735852715,0.0360818482411973,0.0213978153301744,0.248177787391405
3540337897,Xanthochroid,"Epic/Melodic Black Metal","United States",Active,0.0757396449704142,0.0769230769230769,0.96969696969697,0.855297929235309,0.75,0.0297264865312203,0.0360126480635334,0.025425002373594,0.62203485762568
3540315259,Soul Enema,"Melodic Progressive Metal/Rock","Israel",Active,0.220436280137773,0.230769230769231,0.89544235924933,0.827031473382567,0.5,0.0310322366939672,0.0358804695917544,0.0256646364353683,0.185139753424784
3540378381,ShadowStrike,"Symphonic Power Metal","United States",Active,0.163195920101997,0.153846153846154,0.990853658536585,0.87961747429865,0.625,0.0291891154878727,0.0344125335602446,0.0256752560424541,0.272366310162977
3540261444,Qantice,"Symphonic Power Metal","France",Active,0.215085884988798,0.230769230769231,0.770554493307839,0.87961747429865,0.5,0.0269213249191744,0.0337136585220443,0.0236804678301775,0.169448299303229
18938,Witchcraft,"Doom Metal/Psychedelic Hard Rock","Sweden",Active,0.218264494126563,0.230769230769231,0.826086956521739,0.794569598082554,0.5,0.028834272635449,0.0336750427047856,0.0229108364189515,0.16409589525618
18930,Winterhorde,"Melodic Black Metal","Israel",Active,0.141332351858668,0.153846153846154,0.441591784338896,0.794569598082554,0.5,0.0210386610473923,0.0327421723669954,0.0167166804526215,0.175437703299357
61,Moonspell,"Black Metal (early), Gothic Metal (later)","Portugal",Active,0.15019556714472,0.230769230769231,0.171615720524017,0.87961747429865,0.5,0.0151091089924975,0.0320918468987802,0.0132902362908836,0.0754780933186396
3540357240,Ostura,"Symphonic Heavy/Power Metal","Lebanon",Active,0.0710059171597633,0.0769230769230769,0.811881188118812,0.855297929235309,0.75,0.0236663857555533,0.030960393981252,0.0202418107292087,0.520800224237342
43756,Pathosray,"Progressive Metal","Italy",On hold,0.153846153846154,0.153846153846154,0.556451612903226,0.467151022118185,0.5,0.0273191448749761,0.0301909945863478,0.0127621664517399,0.129973469863527
3540403076,Waken Eyes,"Progressive Metal","International",Active,0.157959687371452,0.153846153846154,0.228013029315961,0.757799595527554,0.5,0.0150795892980514,0.0300033573986585,0.011427306670785,0.0863940906953237
3540397034,Melted Space,"Ambient (early), Symphonic Metal (later)","France",Active,0.107412587412587,0.153846153846154,0.0968468468468468,0.855297929235309,0.75,0.0100978439439978,0.0296993368596134,0.00863666501504262,0.062124680670808
12613,Swallow the Sun,"Melodic Doom/Death Metal","Finland",Active,0.246153846153846,0.307692307692308,0.221439355812783,0.87961747429865,0.5,0.0162809742616951,0.0288974182113588,0.0143210294591936,0.0486954817175901
28017,Orion's Reign,"Symphonic Power Metal","Greece",Active,0.146957520091848,0.153846153846154,0.524409448818898,0.87961747429865,0.375,0.0186890177542609,0.0286176455010554,0.0164391865941256,0.17297989307566
121477,Kypck,"Doom Metal","Finland",Active,0.157959687371452,0.153846153846154,0.134146341463415,0.794569598082554,0.5,0.011372801131106,0.0285001949720674,0.00903648202381567,0.0532943023104152
3540320448,Otivm,"Progressive Death Metal","Italy",Active,0.0811496196111581,0.0769230769230769,0.993788819875776,0.57260664193259,0.625,0.0271524572307402,0.0277822238162543,0.0155476773551124,0.355656299337012
26,Soilwork,"Melodic Death Metal (early), Metalcore/Melodic Groove Metal (later)","Sweden",Active,0.289592760180996,0.384615384615385,0.267922553636839,0.87961747429865,0.375,0.0177159621244948,0.0277313196841787,0.0155832698587186,0.0441880049883152
3540361823,Iapetus,"Melodic/Progressive Extreme Metal","United States",Active,0.155465587044534,0.153846153846154,0.389776357827476,0.87961747429865,0.375,0.0158464861702435,0.0276581049905544,0.013938846141578,0.128570285780074
35672,Xenophobia,"Thrash/Death Metal","Slovenia",Split-up,0.233198380566802,0.230769230769231,0.431372549019608,0.0189224552069325,0.5,0.0386025976880942,0.0264705127771636,0.000730455925624198,0.00408131386816191
3540390914,Piah Mater,"Progressive Death Metal","Brazil",Active,0.0807061790668348,0.0769230769230769,0.990909090909091,0.855297929235309,0.5,0.0215451635375973,0.0258680803304579,0.0184275337587431,0.423761246757494
3540427266,Seraphic,"Symphonic Metal","Australia",Active,0.0811496196111581,0.0769230769230769,0.996884735202492,0.827031473382567,0.5,0.02178477387237,0.0257087308268218,0.0180166936329722,0.412227525673554
3540388524,Talvienkeli,"Symphonic Metal","France",Active,0.0807061790668348,0.0769230769230769,0.973214285714286,0.827031473382567,0.5,0.0211881435084462,0.0252498540364177,0.0175232615440315,0.402439422315624
3540409320,Hiranya,"Melodic Death Metal/Metalcore","Spain",Active,0.0811496196111581,0.0769230769230769,0.907042253521127,0.87961747429865,0.5,0.0199621030690286,0.0252048392864629,0.0175590146832683,0.398925108062204
538,Angra,"Power/Progressive Metal","Brazil",Active,0.172739541160594,0.307692307692308,0.23535510627268,0.855297929235309,0.625,0.0146571501744936,0.0251614096842159,0.0125362301927353,0.0629058546968686
3540363892,Frozen Hell,"Melodic Death Metal","Italy",Active,0.0811496196111581,0.0769230769230769,0.975609756097561,0.794569598082554,0.5,0.0213531597569698,0.0249819432778116,0.0169665715658881,0.387594925893929
3540417879,Angry Nation,"Thrash/Death Metal","Austria",Active,0.0807061790668348,0.0769230769230769,0.919540229885057,0.855297929235309,0.5,0.0201051865181969,0.0249080956508576,0.0171959243959035,0.393240427234625
3540329777,Purest of Pain,"Melodic Death Metal/Metalcore/Deathcore","Netherlands",Active,0.078979843685726,0.0769230769230769,0.952380952380952,0.855297929235309,0.5,0.0203235678348801,0.0248075946825417,0.0173827054838462,0.40728472820729
3540430852,This Misery Garden,"Gothic Metal/Rock","Switzerland",Active,0.0802675585284281,0.0769230769230769,0.946745562130177,0.827031473382567,0.5,0.0205418455997309,0.0247585299322518,0.0169887528323426,0.391494188583464
3666,Draconian,"Gothic/Doom/Death Metal","Sweden",Active,0.133056133056133,0.153846153846154,0.201173959445037,0.757799595527554,0.5,0.011809400857919,0.024677914540679,0.0089491591935538,0.0762247725490629
3540412466,Here and Now,"Melodic Death Metal/Metalcore","Bulgaria",Active,0.0798336798336798,0.0769230769230769,0.972644376899696,0.794569598082554,0.5,0.0209477080180845,0.024537374495206,0.01664441194068,0.386416825815224
3540383465,Seventh Seal,"Progressive Metal/Rock","United States",Active,0.0798336798336798,0.0769230769230769,0.93841642228739,0.827031473382567,0.5,0.0202645721256143,0.0245138757268096,0.0167594389425141,0.388049958185369
3540346184,Headspace,"Progressive Rock/Metal","United Kingdom",Active,0.0807061790668348,0.0769230769230769,0.936046511627907,0.794569598082554,0.5,0.0204382262507134,0.0243132635444612,0.0162395932175497,0.371877050265381
128872,Turbid North,"Death/Groove Metal","United States",Active,0.0807061790668348,0.0769230769230769,0.960960960960961,0.757799595527554,0.5,0.0209409137530197,0.0241537941442501,0.0158690159720157,0.364107913766993
3540381417,False Coda,"Progressive Metal","Greece",Active,0.0794044665012407,0.0769230769230769,0.93841642228739,0.794569598082554,0.5,0.020155622813111,0.0239524777143824,0.0160150451177172,0.37281857974548
604,Fates Warning,"Power/Progressive Metal (early), Progressive Metal (later)","United States",Active,0.107804604154969,0.153846153846154,0.323223570190641,0.855297929235309,0.5,0.0128575781885268,0.0239392279083141,0.010997059999628,0.13822622513205
3540311693,James LaBrie,"Progressive Metal, Melodic Heavy/Groove Metal","Canada",Active,0.20231822971549,0.230769230769231,0.429710867397807,0.757799595527554,0.5,0.0167033955279335,0.0239119864058098,0.0126578263750048,0.081408680376963
89033,Be'lakor,"Melodic Death Metal","Australia",Active,0.0757396449704142,0.0769230769230769,0.633009708737864,0.794569598082554,0.625,0.0168031428558803,0.0237396825837238,0.0133512664655205,0.314356418658874
6039,Infernal Tenebra,"Black Metal (early), Progressive Melodic Death Metal (later)","Croatia",Active,0.0773258155457108,0.0769230769230769,0.963855421686747,0.794569598082554,0.5,0.0201197615518613,0.023653298064501,0.0159865508497792,0.382925107509664
3540384905,In White,"Alternative Metal (early), Melodic Death Metal (Later)","Turkey",Active,0.0815979600509987,0.0769230769230769,0.932944606413994,0.716793939542471,0.5,0.0206007857204332,0.0234820110208863,0.0147665183542196,0.334364519903194
3540354561,Icestorm,"Epic Heavy Metal","Spain",Active,0.0761300555114988,0.0769230769230769,0.886178861788618,0.87961747429865,0.5,0.0183302510143384,0.0233810552007657,0.0161236091004926,0.389749206091678
11560,Disillusion,"Melodic Death/Progressive Metal","Germany",Active,0.0668290985033067,0.0769230769230769,0.722222222222222,0.87961747429865,0.625,0.0166894249734486,0.0233729589062854,0.0146803098426417,0.397049554370918
3540361512,Divinity Compromised,"Melodic Progressive Metal","United States",Active,0.0798336798336798,0.0769230769230769,0.849206349206349,0.827031473382567,0.5,0.0184840800225416,0.0233268809914278,0.0152869159351638,0.351160189094979
3540352438,Shemhamforash,"Death/Black Metal","Mexico",Active,0.0811496196111581,0.0769230769230769,0.846153846153846,0.794569598082554,0.5,0.0187268352948826,0.0232310603030868,0.0148797739936131,0.336164060727234
10,Arch Enemy,"Melodic Death Metal","Sweden",Active,0.109401709401709,0.153846153846154,0.236441194393662,0.87961747429865,0.5,0.010674525763824,0.0231549597271971,0.00938949939171076,0.103988903116355
3540369803,Avatarium,"Doom Metal","Sweden",Active,0.0716952949962659,0.0769230769230769,0.590106007067138,0.87961747429865,0.625,0.0149446396711773,0.0231015169273915,0.0131455662018644,0.324417222190536
3540371106,Wolfheart,"Melodic Death Metal","Finland",Active,0.0785597381342062,0.0769230769230769,0.820707070707071,0.855297929235309,0.5,0.0176293973347983,0.0229515951144413,0.0150783870341195,0.350974529042267
3540375982,RiverGate,"Progressive Metal","Algeria",Split-up,0.0820512820512821,0.0769230769230769,0.928571428571429,0.671852104654895,0.5,0.020625528317836,0.0229380733011884,0.0138573046099573,0.311931334304058
3540288450,Dethlehem,"Epic Melodic Death Metal","United States",Active,0.0765245117576724,0.0769230769230769,0.949554896142433,0.757799595527554,0.5,0.0196376814297108,0.0227568282961252,0.0148814270445338,0.359786158113972
3540339155,Caligula's Horse,"Progressive Metal/Rock","Australia",Active,0.0734787600459242,0.0769230769230769,0.944117647058824,0.827031473382567,0.5,0.0187562015886457,0.0226323422562813,0.0155119690349181,0.390407504346771
3540428507,After Eternity,"Progressive Metal","Norway",Active,0.0815979600509987,0.0769230769230769,0.756756756756757,0.827031473382567,0.5,0.0170066434409826,0.0225851091483199,0.0140650293822878,0.312930827766377
101290,Chaos Divine,"Progressive/Melodic Death Metal (early), Progressive Metal (later)","Australia",Active,0.0773258155457108,0.0769230769230769,0.914529914529915,0.757799595527554,0.5,0.0191662277848343,0.0225437304806192,0.0145241596631364,0.346515199664309
3540271009,Kr?ke,"Symphonic Black Metal","Norway",Active,0.0802675585284281,0.0769230769230769,0.98159509202454,0.623524246872137,0.5,0.0212411672698518,0.0225022396765184,0.0132443828246195,0.306024170243994
3540321763,Nami,"Progressive Death Metal","Andorra",Active,0.0777327935222672,0.0769230769230769,0.987654320987654,0.671852104654895,0.5,0.0206881437650668,0.0224962526648178,0.0138993729299632,0.331778817113528
3540358097,Among Gods,"Death Metal","Norway",Active,0.0802675585284281,0.0769230769230769,0.801980198019802,0.794569598082554,0.5,0.0176368550155762,0.0223875969635509,0.0140137088011666,0.31861454180538
3540368465,Thyreos,"Melodic Heavy Metal","Sweden",Split-up,0.0802675585284281,0.0769230769230769,0.969879518072289,0.623524246872137,0.5,0.0210060721403752,0.0223455095902007,0.0130977953110692,0.302371698031368
34543,Powerwolf,"Power Metal","Germany",Active,0.0991223541559112,0.153846153846154,0.316875460574797,0.87961747429865,0.5,0.011664758643369,0.0223081315637725,0.0102605255361835,0.139364596149012
465,Salem,"Death/Gothic/Doom Metal","Israel",Active,0.120565149136578,0.153846153846154,0.416058394160584,0.520102750384185,0.5,0.0171776567060116,0.0219028154150766,0.00893414649795195,0.108196557561673
3540345331,Sleepers' Guilt,"Melodic Death Metal","Luxembourg",Active,0.0781440781440781,0.0769230769230769,0.806666666666667,0.794569598082554,0.5,0.0172618264925957,0.0218563691223091,0.0137157225383926,0.320476404559963
3540364023,Trees of Eternity,"Atmospheric Doom Metal","International",Split-up,0.15966735966736,0.153846153846154,0.691622103386809,0.794569598082554,0.5,0.0168742105393689,0.0218217095093956,0.0134077346862267,0.137385474178267
3540383472,Key of the Moment,"Progressive Metal/Rock","Israel",Active,0.078979843685726,0.0769230769230769,0.9,0.671852104654895,0.5,0.0192893079770908,0.0217033343523221,0.0129595621617449,0.302333447094703
118143,Alpine Fault,"Melodic Progressive Metal","New Zealand",Split-up,0.0777327935222672,0.0769230769230769,0.966767371601209,0.623524246872137,0.5,0.0202822435340752,0.0215995426124233,0.0126464706244615,0.301401448639099
3540306195,Myraeth,"Progressive Doom/Death Metal","Australia",Split-up,0.0798336798336798,0.0769230769230769,0.916905444126075,0.623524246872137,0.5,0.0198352469897544,0.021519870508724,0.0123677574408094,0.285856388250836
36666,Vulture Industries,"Avant-garde/Progressive Metal","Norway",Active,0.0742172400463858,0.0769230769230769,0.764150943396226,0.87961747429865,0.5,0.0156055481157041,0.0212841622836392,0.0137269128185817,0.33608026140656
557,Catamenia,"Melodic Black Metal (early), Melodic Death/Gothic Metal (later)","Finland",Active,0.134265734265734,0.153846153846154,0.120795107033639,0.671852104654895,0.5,0.00921872763792312,0.0211802711168601,0.00619362156577889,0.0405782234462819
8837,Voyager,"Melodic Progressive Metal","Australia",Active,0.072754831375521,0.0769230769230769,0.78743961352657,0.87961747429865,0.5,0.0157216404477389,0.0211471638014193,0.0138290296624716,0.346322822006473
38457,Embreach,"Melodic Death Metal","Finland",Active,0.0794044665012407,0.0769230769230769,0.714601769911504,0.794569598082554,0.5,0.015712652046344,0.0209904972032044,0.0124847956212746,0.283900420553833
115,Voivod,"Thrash Metal (early), Progressive Metal (later)","Canada",Active,0.0994560994560995,0.153846153846154,0.255221932114883,0.855297929235309,0.5,0.0101710790604143,0.0209581520260467,0.00869930285846094,0.109145395016647
3540343898,Shattered Destiny,"Progressive Power/Thrash Metal","United States",Active,0.0802675585284281,0.0769230769230769,0.853723404255319,0.623524246872137,0.5,0.0186751802243156,0.020791581646161,0.0116444276845678,0.266158621337707
11196,Dark Flood,"Progressive Melodic Death Metal","Finland",Active,0.0769230769230769,0.0769230769230769,0.710920770877944,0.827031473382567,0.5,0.0151508432269427,0.020703529758764,0.0125302241969667,0.293976926298728
3540339661,Wall of the Eyeless,"Progressive Death Metal","International",Active,0.0825096691018479,0.0769230769230769,0.747663551401869,0.671852104654895,0.5,0.0170090924622249,0.0205784441148925,0.0114275945690155,0.251159665291549
3540407544,Sechem,"Middle Eastern Folk Metal","Spain",Active,0.0781440781440781,0.0769230769230769,0.64,0.855297929235309,0.5,0.0140058232365925,0.0204766268608337,0.0119791516114933,0.273695337355299
30091,Delta,"Neoclassical/Progressive Metal","Chile",Active,0.0653505786249149,0.0769230769230769,0.543548387096774,0.87961747429865,0.625,0.0126713028731079,0.0204232666891559,0.0111458994293164,0.298821662135731
105536,Universum,"Melodic Death Metal","Australia",Active,0.0773258155457108,0.0769230769230769,0.646942800788955,0.855297929235309,0.5,0.0139933798349487,0.0203516882087454,0.0119685087958347,0.276664418924242
3540460483,Demon Project,"Melodic/Industrial Death Metal/Metalcore","Russia",Active,0.234432234432234,0.230769230769231,0.463193657984145,0,0.375,0.0305038632419066,0.0203359088279377,0,0
1682,Marty Friedman,"Progressive Rock/Metal, Shred","United States",Active,0.0834419817470665,0.153846153846154,0.444193912063134,0.855297929235309,0.5,0.0124754120659043,0.0202115670771956,0.0106701941063252,0.189959066583265
3540371811,Prospekt,"Progressive Metal","United Kingdom",Active,0.0781440781440781,0.0769230769230769,0.63147792706334,0.827031473382567,0.5,0.0138393358532145,0.0199974925827462,0.0114455663213202,0.261126060213881
697,Ivory Tower,"Power/Progressive Metal","Germany",Active,0.0761300555114988,0.0769230769230769,0.617486338797814,0.87961747429865,0.5,0.0132163568416347,0.0199717924189632,0.0116253384244684,0.271575886873627
3540391124,Apneica,"Sludge/Post-Metal","Italy",Active,0.0781440781440781,0.0769230769230769,0.595628415300546,0.855297929235309,0.5,0.0131389790910598,0.0198987307638119,0.0112377416088495,0.254719875100133
105479,Divine Ascension,"Progressive/Power Metal","Australia",Active,0.0765245117576724,0.0769230769230769,0.622857142857143,0.855297929235309,0.5,0.0133875849140895,0.0198335993497397,0.0114503736544826,0.266364212247568
3540434157,Raging Fate,"Power Metal","Sweden",Active,0.0829732065687122,0.0769230769230769,0.529411764705882,0.827031473382567,0.5,0.0125773865160718,0.0198218332240142,0.0104018945016889,0.218920095895385
3540360458,Maegi,"Progressive Power Metal","Turkey",Active,0.147692307692308,0.153846153846154,0.639285714285714,0.794569598082554,0.25,0.0146424344885883,0.019540941122639,0.0116344332865478,0.12698924826498
3540378778,Reduced to Ash,"Melodic Death Metal","Faroe Islands",Active,0.0802675585284281,0.0769230769230769,0.601010101010101,0.757799595527554,0.5,0.0136040102595287,0.0192071274041569,0.0103091134722235,0.227722605726714
3540361027,Nibiru,"Psychedelic Sludge/Drone/Doom Metal","Italy",Active,0.0815979600509987,0.0769230769230769,0.920454545454545,0.87961747429865,0.5,0.0152594961349742,0.0191448713643139,0.0134225194493161,0.30361796342979
3540365751,ToxicRose,"Heavy Metal/Glam Rock","Sweden",Active,0.0781440781440781,0.0769230769230769,0.531502423263328,0.855297929235309,0.5,0.0118862124578541,0.0190635530083414,0.0101662529016535,0.227296461000337
124858,Ravage Machinery,"Melodic Death Metal (early), Death/Thrash Metal (later)","Finland",Active,0.0753532182103611,0.0769230769230769,0.670833333333333,0.757799595527554,0.5,0.0140864629875619,0.0189080817052931,0.0106747159543883,0.2541786143332
1650,Turisas,"Folk/Symphonic Metal","Finland",Active,0.0997920997920998,0.153846153846154,0.298690671031097,0.671852104654895,0.5,0.0112898999969376,0.018700855376834,0.00758514307428584,0.100337977986513
3540393036,Ascendia,"Progressive Power Metal","Canada",Active,0.0811496196111581,0.0769230769230769,1,0.757799595527554,0.5,0.0163859808830223,0.018610880870167,0.0124172896854765,0.284174848322833
91913,Ne Obliviscaris,"Extreme Progressive Metal","Australia",Active,0.0674394099051633,0.0769230769230769,0.710526315789474,0.855297929235309,0.5,0.0132762805936784,0.0184643183359085,0.0113551752997201,0.303855843280965
16943,Zubrowska,"Brutal Deathcore","France",Split-up,0.0749707145646232,0.0769230769230769,0.76303317535545,0.623524246872137,0.5,0.015743030109086,0.0182863631287861,0.00981616099225324,0.237884843000981
3540439299,Fatal Effect,"Thrash Metal","Finland",Active,0.0815979600509987,0.0769230769230769,0.857142857142857,0.855297929235309,0.5,0.0142908515199208,0.0182510551292945,0.0122229357119975,0.274917191539921
5261,Nail Within,"Death/Thrash Metal, Metalcore","Israel",Split-up,0.157959687371452,0.153846153846154,0.337423312883436,0.197209944814959,0.5,0.0194001928449365,0.018125332101543,0.00382591096034949,0.0332716164565115
3540306932,Saffire,"Progressive Metal","Sweden",Active,0.0761300555114988,0.0769230769230769,0.489331436699858,0.855297929235309,0.5,0.0107772468889377,0.0180371443978841,0.00921775694696609,0.209262082259564
3540337897,Xanthochroid,"Epic/Melodic Black Metal","United States",Active,0.0757396449704142,0.0769230769230769,0.966767371601209,0.855297929235309,0.75,0.0148216395056703,0.0179785881918068,0.0126769175770721,0.310077799118541
3540351284,Wilderun,"Symphonic Progressive/Folk Metal","United States",Active,0.0765245117576724,0.0769230769230769,0.443548387096774,0.87961747429865,0.5,0.00995720616698001,0.0178568537370235,0.0087585325396699,0.195076455993652
19280,Todesbonden,"Gothic/Doom Metal","United States",Active,0.078979843685726,0.0769230769230769,0.863270777479893,0.414929126335629,0.5,0.0185640909137567,0.0178379001989449,0.00770278202406027,0.179098094745406
201,HammerFall,"Heavy/Power Metal","Sweden",Active,0.0911680911680912,0.153846153846154,0.140122511485452,0.87961747429865,0.5,0.00670014052037848,0.0178322680285699,0.00589356068198136,0.0616271048226083
3540307956,Forlorn Path,"Black/Doom/Melodic Death Metal","United States",Active,0.160535117056856,0.153846153846154,0.945945945945946,0.671852104654895,0.375,0.0165520550135935,0.0177756943589999,0.0111205329972464,0.11916295775129
7766,Seventh Wonder,"Progressive Metal","Sweden",Active,0.0757396449704142,0.0769230769230769,0.446949602122016,0.87961747429865,0.5,0.00991948268014377,0.0177166409889545,0.00872535030145726,0.196572340078677
3540283566,Ex Deo,"Symphonic Death Metal","Canada",Active,0.0745920745920746,0.0769230769230769,0.476256983240223,0.827031473382567,0.5,0.0103157120776373,0.0171588069438492,0.00853141855855872,0.196939757278949
3540426397,5Rand,"Melodic Death/Groove Metal","Italy",Active,0.0798336798336798,0.0769230769230769,0.319327731092437,0.87961747429865,0.5,0.00790854003523687,0.0169762099933693,0.00695649001118481,0.140443126148524
2805,Horcas,"Heavy/Thrash Metal (early), Groove/Thrash Metal (later)","Argentina",Active,0.0636604774535809,0.0769230769230769,0.664621676891616,0.855297929235309,0.5,0.0118017732702604,0.01694262793687,0.0100940322393583,0.284224771985149
3540429634,The Lurking Fear,"Death Metal","Sweden",Active,0.0794044665012407,0.0769230769230769,0.376237623762376,0.827031473382567,0.5,0.00899574591931421,0.0169421627668224,0.00743976500182564,0.155580178161077
3540405216,Prevail in Darkness,"Melodic Death Metal","Sweden",Active,0.0794044665012407,0.0769230769230769,0.341772151898734,0.855297929235309,0.5,0.0083115678178027,0.0168601245069594,0.00710886674326549,0.146158506894641
101948,Lahmia,"Gothic/Melodic Death Metal","Italy",Active,0.0785597381342062,0.0769230769230769,0.32697807435653,0.87961747429865,0.5,0.00793259216915758,0.0168054811859674,0.00697764668847564,0.143807813958264
711,Misericord,"Heavy Metal/Rock/Death Metal","South Africa",Split-up,0.0811496196111581,0.0769230769230769,0.9,0.671852104654895,0.375,0.0148644255153131,0.0167246848511713,0.00998669556694902,0.226750085321027
12779,Persefone,"Progressive/Melodic Death Metal","Andorra",Active,0.0742172400463858,0.0769230769230769,0.419393939393939,0.855297929235309,0.5,0.00920881978477649,0.0167188551440566,0.00787628449262048,0.179353383948738
14900,Achren,"Black/Thrash Metal","United Kingdom",Active,0.078979843685726,0.0769230769230769,0.898876404494382,0.716793939542471,0.5,0.0144503419708056,0.0167100954763629,0.0103579175489897,0.241615934677237
8664,Armilos,"Brutal Death Metal","Israel",Split-up,0.165019338203696,0.153846153846154,0.218487394957983,0.232939924203286,0.5,0.015360558953673,0.0166469713246562,0.0035780874383887,0.025447218610443
3540276670,Striker,"Heavy/Power Metal","Canada",Active,0.0693391115926327,0.0769230769230769,0.506666666666667,0.855297929235309,0.5,0.0101163985887713,0.0166285321525467,0.00865253476429509,0.216675475406278
104,Enslaved,"Progressive Black/Viking Metal","Norway",Active,0.101159114857745,0.153846153846154,0.304878048780488,0.855297929235309,0.75,0.00870077518153799,0.0166156644703303,0.00744175499551141,0.0977855864217198
3540411957,Gorgon,"Symphonic/Melodic Death Metal","France",Active,0.0773258155457108,0.0769230769230769,0.0707964601769911,0.87961747429865,0.625,0.00356954177446802,0.0165499317180623,0.00313983132006108,0.0389211271813562
10677,The CNK,"Symphonic/Electronic Metal","France",Active,0.0769230769230769,0.0769230769230769,0.452261306532663,0.757799595527554,0.5,0.0101766227587642,0.0164997946023499,0.00771184061042804,0.171361717581608
8696,Manimal,"Power/Heavy Metal","Sweden",Active,0.0757396449704142,0.0769230769230769,0.36604774535809,0.855297929235309,0.5,0.00838761320295701,0.0163884023860068,0.00717390820371587,0.156539939303014
3540392501,Caelestia,"Melodic Death Metal","Greece",Active,0.0781440781440781,0.0769230769230769,0.3515625,0.827031473382567,0.5,0.00837090260167183,0.0163518704150511,0.00692299991220262,0.145376626180529
3540299204,Aspera,"Progressive Metal","Norway",Split-up,0.0802675585284281,0.0769230769230769,0.622429906542056,0.520102750384185,0.5,0.0140338391330796,0.0163137890815962,0.0072990383315639,0.161863753156947
5906,Sorcerer,"Epic Doom Metal","Sweden",Active,0.0734787600459242,0.0769230769230769,0.428025477707006,0.827031473382567,0.5,0.00927574842030004,0.0163120401440508,0.00767133588276676,0.176995270736651
30571,Dawn of Disease,"Melodic Death Metal","Germany",Active,0.148434480092772,0.153846153846154,0.277597402597403,0.87961747429865,0.5,0.00800513749875946,0.0162172218723427,0.0070414588280722,0.0610448815361482
4534,Loch Vostok,"Extreme Progressive Metal","Sweden",Active,0.0706661759293338,0.0769230769230769,0.441215323645971,0.827031473382567,0.5,0.00915371484258899,0.0158430018279174,0.00757041027319025,0.182449479596947
88492,Scarpoint,"Melodic Death Metal/Metalcore","Sweden",Active,0.0757396449704142,0.0769230769230769,0.599647266313933,0.57260664193259,0.5,0.0128107993985706,0.0157687035603263,0.00733554882408755,0.171681003754039
575,Demon,"NWOBHM, Hard Rock","United Kingdom",Active,0.0563711098062243,0.0769230769230769,0.718884120171674,0.87961747429865,0.5,0.0112151337230029,0.0157409246871958,0.00986502759934946,0.316171517049407
80086,Triosphere,"Power/Progressive Metal","Norway",Active,0.0738461538461539,0.0769230769230769,0.475852272727273,0.716793939542471,0.5,0.0102050833781603,0.0156254681746809,0.00731494191799091,0.17054401260421
33467,Isole,"Epic Doom Metal","Sweden",Active,0.0742172400463858,0.0769230769230769,0.301546391752577,0.87961747429865,0.5,0.00702223985173228,0.0155619567743246,0.00617688488230007,0.132622737748637
3540291357,Silent Lapse,"Atmospheric Progressive Metal","United States",On hold,0.0807061790668348,0.0769230769230769,0.993788819875776,0.467151022118185,0.5,0.0162024498885072,0.0155143800142955,0.00756899102623482,0.174093548615473
12533,Diablo,"Melodic Death/Groove Metal","Finland",Active,0.0713489409141583,0.0769230769230769,0.338536585365854,0.87961747429865,0.5,0.00741065172421727,0.0154003970162774,0.00651853875256293,0.148891348088601
3540346277,Rise of Avernus,"Progressive Gothic/Doom Metal","Australia",Active,0.078979843685726,0.0769230769230769,0.624288425047438,0.855297929235309,0.375,0.0103840452780496,0.0153666089464993,0.00888145242340151,0.200232223945742
5661,Solution 13,"Groove Metal","Finland",Split-up,0.164102564102564,0.153846153846154,0.8,0.165776040829341,0.5,0.0195660749506903,0.0153110727476991,0.00324358643989558,0.0331552081658681
4518,Manigance,"Progressive Power Metal","France",Active,0.0706661759293338,0.0769230769230769,0.36741214057508,0.855297929235309,0.5,0.00784986766283089,0.0153066840984435,0.00671397555679048,0.157123421504889
113185,Fleshgod Apocalypse,"Symphonic/Technical Death Metal","Italy",Active,0.0639360639360639,0.0769230769230769,0.174083129584352,0.87961747429865,0.625,0.00501510902112745,0.0150599224882595,0.0044113775304965,0.0957041017268702
27911,Suicidal Angels,"Thrash Metal","Greece",Active,0.06966618287373,0.0769230769230769,0.338446788111218,0.87961747429865,0.5,0.00723430824442893,0.0150361374668557,0.00636342394626248,0.14885185447144
314,Rotting Christ,"Grindcore, Black Metal (early), Gothic Metal (mid), Melodic Black Metal (later)","Greece",Active,0.0923076923076923,0.153846153846154,0.269254852849092,0.87961747429865,0.375,0.00732290203895618,0.0150313670883911,0.00644135259604307,0.0888154776021648
5057,Poisonblack,"Gothic Metal","Finland",Split-up,0.143390589992532,0.153846153846154,0.43030303030303,0.671852104654895,0.5,0.0104701870198509,0.0150082304860831,0.00703441718541722,0.0722749991371174
3540374140,Deathquintet,"Death Metal","Sweden",Active,0.0802675585284281,0.0769230769230769,0.372549019607843,0.671852104654895,0.5,0.00901950695379773,0.0150009926580042,0.00605977472985846,0.125148921455324
19145,Evocation,"Death Metal (early), Melodic Death Metal (later)","Sweden",Active,0.142011834319527,0.153846153846154,0.282738095238095,0.827031473382567,0.5,0.00775001625593342,0.0149540322185422,0.00640950736288346,0.0584583258715356
3540387925,Divine Disorder,"Progressive/Symphonic Death Metal","Kuwait",Active,0.220436280137773,0.230769230769231,0.136627906976744,0.716793939542471,0.375,0.00759259297293634,0.0149371905022518,0.00544232462841352,0.0183626354424943
3540391551,Veonity,"Power Metal","Sweden",Active,0.0781440781440781,0.0769230769230769,0.211864406779661,0.855297929235309,0.5,0.00564175792337461,0.0149005833186884,0.00482538386910921,0.0906035941986557
855,Arkhon Infaustus,"Black/Death Metal","France",Active,0.0765245117576724,0.0769230769230769,0.24234693877551,0.827031473382567,0.5,0.00610799551754969,0.0146200269631714,0.00505150453229324,0.100214272922632
3540315374,Creation's Tears,"Gothic Metal/Rock","United Kingdom",On hold,0.0794044665012407,0.0769230769230769,0.875338753387534,0.520102750384185,0.375,0.0141775954884954,0.0146140405031742,0.00737380640740089,0.17072478493302
44790,Solar Fragment,"Power Metal","Germany",Active,0.0769230769230769,0.0769230769230769,0.302325581395349,0.757799595527554,0.5,0.0072932434292005,0.0145775417159741,0.00552681692073213,0.114551101649514
3540395820,Parallel Minds,"Progressive/Groove Metal","France",Active,0.0815979600509987,0.0769230769230769,0.11328125,0.87961747429865,0.5,0.00388007126744908,0.0145492127662963,0.00341297848837232,0.049822083505197
3932,Chaostar,"Ambient/Darkwave/Neoclassical","Greece",Active,0.0710059171597633,0.0769230769230769,0.295454545454545,0.855297929235309,0.5,0.00661025365167377,0.0145287047528158,0.00565373625999672,0.126350830455216
16738,Dark Embrace,"Gothic/Doom Metal","Spain",Active,0.0777327935222672,0.0769230769230769,0.575809199318569,0.827031473382567,0.5,0.00951350686020213,0.0143782712514094,0.00786796959562812,0.178579623937377
7566,Iron Mask,"Power Metal","Belgium",Active,0.0668290985033067,0.0769230769230769,0.410046728971963,0.794569598082554,0.5,0.00813593828157393,0.0142740205107146,0.00646456921041466,0.162905332317159
83584,Nucleus Torn,"Avant-garde/Folk Metal","Switzerland",Active,0.0773258155457108,0.0769230769230769,0.906779661016949,0.757799595527554,0.625,0.0118852525727752,0.0140274050218895,0.00900663959239185,0.214736643859768
3540301308,Servant's Glory,"Melodic Black Metal","Israel",Split-up,0.0825096691018479,0.0769230769230769,0.888888888888889,0.0527448131161394,0.5,0.0199222064284376,0.0140067971318003,0.00105079305492909,0.0234421391627286
45291,Stream of Passion,"Progressive/Symphonic Metal","Netherlands",Split-up,0.0674394099051633,0.0769230769230769,0.371276595744681,0.794569598082554,0.5,0.00755658036110024,0.0139686043779452,0.00600422902039793,0.147502547729155
19273,Ereb Altor,"Epic Doom/Viking Metal (early), Viking/Black Metal (later)","Sweden",Active,0.0761300555114988,0.0769230769230769,0.138194444444444,0.87961747429865,0.5,0.00409422721080136,0.0138903726650743,0.0036013537983699,0.0607791240921636
3540434982,Reveal,"Heavy/Power Metal","Spain",Active,0.0785597381342062,0.0769230769230769,0.0981308411214953,0.87961747429865,0.5,0.0034380474902371,0.013809118066687,0.00302416664988117,0.0431588013090459
3540270852,Haken,"Progressive Metal","United Kingdom",Active,0.0662297343911694,0.0769230769230769,0.318394024276377,0.855297929235309,0.5,0.00654543665318172,0.0138046502152164,0.00559829841540722,0.136160874822241
3540337668,Disforia,"Power/Progressive Metal","United States",On hold,0.0777327935222672,0.0769230769230769,0.546875,0.794569598082554,0.375,0.00909179383369667,0.0137817102024839,0.0072240629722898,0.162948843356774
3540395528,Orpheus Blade,"Progressive Metal","Israel",Active,0.0807061790668348,0.0769230769230769,0.183673469387755,0.757799595527554,0.5,0.00525793788269018,0.0136984768973637,0.00398446320081162,0.0695938404055917
2443,Lake of Tears,"Doom/Gothic Metal (early), Gothic Metal/Progressive Rock (later)","Sweden",Active,0.133658197006613,0.153846153846154,0.358325219084713,0.716793939542471,0.25,0.00855698778304267,0.0136884406540713,0.00613359698362395,0.0642113363562876
3540340980,Dynfari,"Atmospheric Black Metal","Iceland",Active,0.0785597381342062,0.0769230769230769,0.766355140186916,0.827031473382567,0.625,0.0103512056110065,0.0136686554050128,0.00856077282775656,0.198062443975965
3540397011,Edenwar,"Symphonic Metal","International",Active,0.16141235813367,0.153846153846154,0.0980392156862745,0.757799595527554,0.25,0.00508217643445,0.013581302598537,0.00385127124642588,0.0185735194982244
3429,Oceans of Sadness,"Death/Black/Gothic Metal","Belgium",Split-up,0.0723981900452489,0.0769230769230769,0.62890625,0.414929126335629,0.5,0.0127751914375218,0.0135234805823072,0.00530079902194132,0.130475760429758
68110,In Twilight's Embrace,"Melodic Death Metal/Metalcore (early), Death Metal (mid), Black Metal (later)","Poland",Active,0.0731150038080731,0.0769230769230769,0.174418604651163,0.855297929235309,0.5,0.00459421200135701,0.0134853265597508,0.00392942001122866,0.0745899356891258
3540377657,Implore,"Blackened Death Metal/Grindcore/Crust","Germany",Active,0.0794044665012407,0.0769230769230769,0.0605226960110041,0.87961747429865,0.5,0.00272845206817034,0.0134598940907557,0.00239999411694893,0.0266184105014722
60181,Mercenary,"Doom/Gothic/Death Metal","Israel",Split-up,0.078979843685726,0.0769230769230769,0.888888888888889,0.0527448131161394,0.5,0.0190699195224082,0.0134075758641297,0.00100583934134924,0.0234421391627286
5344,Valkiria,"Black Metal (early), Epic/Gothic Metal (later)","Italy",Active,0.0811496196111581,0.0769230769230769,0.792592592592593,0.87961747429865,0.375,0.00992262175694129,0.0133070146190438,0.00872811148826152,0.196081395312407
4134,Bluuurgh...,"Death/Thrash Metal","Netherlands",Split-up,0.230769230769231,0.230769230769231,0.385964912280702,0.757799595527554,0.5,0.0088952039862971,0.0132166705632451,0.00674078198295103,0.0365605068017679
3540316251,Schammasch,"Black/Death Metal (early), Avant-garde/Black Metal (later)","Switzerland",Active,0.0706661759293338,0.0769230769230769,0.163669064748201,0.87961747429865,0.5,0.00425043165263944,0.0131934882999771,0.00373875395497374,0.0719830846773176
3540441712,Carchosa,"Thrash/Death Metal","Sweden",Active,0.0834419817470665,0.0769230769230769,0.964912280701754,0.855297929235309,0.25,0.0108666008617975,0.0131917134244947,0.009294181214922,0.206321868894483
3540354213,Judicator,"Power Metal","United States",Active,0.0734787600459242,0.0769230769230769,0.142348754448399,0.855297929235309,0.5,0.00402795557054375,0.0131596755987054,0.0034451020585379,0.0608752974544704
224,Ablaze My Sorrow,"Melodic Death Metal","Sweden",Active,0.0716952949962659,0.0769230769230769,0.224932249322493,0.794569598082554,0.5,0.00541040166534256,0.0131014180651606,0.00429894067669641,0.0893621634699891
43,At the Gates,"Melodic Death Metal","Sweden",Active,0.122059758423395,0.153846153846154,0.254247954688483,0.87961747429865,0.5,0.00622648353771856,0.0130981470599699,0.00547692372321012,0.0559102359371703
71954,Gauntlet,"Heavy/Power Metal","Spain",Split-up,0.0710059171597633,0.0769230769230769,0.773493975903614,0.623524246872137,0.5,0.0113221205257991,0.0130823192280961,0.00705961667384448,0.180859593294539
3540445607,Loneshore,"Melodic Progressive Doom/Death Metal","Brazil",Active,0.0815979600509987,0.0769230769230769,0.990909090909091,0.855297929235309,0.5,0.0108916158214926,0.0130769577361154,0.00931557645814913,0.211880623378747
3540325571,The Unguided,"Melodic Groove Metal","Sweden",Active,0.0710059171597633,0.0769230769230769,0.143671607753706,0.87961747429865,0.5,0.00391588197651094,0.0130202622363957,0.00344447821383015,0.0631880283703705
759,Wolf,"Heavy Metal","Sweden",Active,0.136121942573555,0.153846153846154,0.276417525773196,0.716793939542471,0.5,0.00732104098607897,0.0130116426136754,0.00524767780996345,0.0495336018143879
3703,Adimiron,"Melodic Death/Black Metal (early), Progressive Thrash/Death Metal (later)","Italy",Active,0.0745920745920746,0.0769230769230769,0.764845605700713,0.827031473382567,0.625,0.00981082380680407,0.0129665901787596,0.00811386006803794,0.197672308810263
33052,Stam1na,"Progressive/Thrash/Heavy Metal","Finland",Active,0.0639360639360639,0.0769230769230769,0.28207171314741,0.855297929235309,0.5,0.00573817846266513,0.0129395161564387,0.00490785215670014,0.120627676075418
3540378086,Omnerod,"Progressive Death Metal","Belgium",Active,0.0802675585284281,0.0769230769230769,0.964601769911504,0.87961747429865,0.25,0.0104500820752634,0.0128504503085835,0.00919207480125675,0.212120143138391
3540358287,Heresy,"Thrash Metal","Costa Rica",Active,0.0794044665012407,0.0769230769230769,0.893854748603352,0,0.5,0.0192710238317902,0.0128473492211934,0,0
892,Septicflesh,"Atmospheric/Symphonic Death Metal","Greece",Active,0.114048114048114,0.153846153846154,0.315471045808124,0.87961747429865,0.5,0.00669059268886408,0.0128202879615366,0.00588516224253963,0.069373461132024
3540343390,Structural Disorder,"Progressive Metal","Sweden",Active,0.0811496196111581,0.0769230769230769,0.956140350877193,0.855297929235309,0.5,0.0104790880250239,0.012769983817654,0.00896274228807745,0.204446215540896
1126,Averse Sefira,"Black Metal","United States",Split-up,0.0745920745920746,0.0769230769230769,0.153271028037383,0.794569598082554,0.5,0.00429266396196662,0.0127398750961058,0.00341082027896328,0.0608922495726817
3540323721,Holloway,"Progressive Metal/Rock","United States",Active,0.0815979600509987,0.0769230769230769,1,0.794569598082554,0.5,0.010984340776096,0.0127258320442372,0.00872782323566439,0.198642399520638
233,Bloodbath,"Death Metal","Sweden",Active,0.0633872565203037,0.0769230769230769,0.271586715867159,0.855297929235309,0.5,0.00552276990885814,0.0127176781461926,0.00472361366668945,0.1161437778445
132,The Crown,"Melodic Death Metal (early), Death/Thrash Metal (later)","Sweden",Active,0.0703296703296703,0.0769230769230769,0.148102815177479,0.855297929235309,0.5,0.00395649920176801,0.0126631363673068,0.00338398557429333,0.0633360155676086
3540418219,Taken,"Power Metal","Spain",Active,0.0794044665012407,0.0769230769230769,0.949852507374631,0.87961747429865,0.5,0.0101913209359574,0.0126146769799594,0.0089644639814538,0.208876715873278
3540353492,Glaciation,"Black Metal","France",Active,0.0777327935222672,0.0769230769230769,0.455056179775281,0.757799595527554,0.375,0.00775354382232424,0.0125322641511829,0.00587563237246247,0.129315520866008
26747,Hate Squad,"Thrash Metal","Germany",Active,0.0703296703296703,0.0769230769230769,0.128093158660844,0.855297929235309,0.5,0.0036046810652118,0.012428590942936,0.00308307625062938,0.054778906675915
3540336464,Sinheresy,"Symphonic/Melodic Heavy Metal","Italy",Active,0.0710059171597633,0.0769230769230769,0.0932721712538226,0.87961747429865,0.5,0.00302121742325857,0.0124238192008941,0.00265751563915378,0.0410219158503193
117504,Thyresis,"Melodic Death Metal","Brazil",Active,0.0777327935222672,0.0769230769230769,0.305478180129991,0.57260664193259,0.5,0.00743127948929038,0.0123725719706644,0.0042551999936251,0.0874594174539564
9314,By Night,"Thrash Metal/Metalcore","Sweden",Active,0.0777327935222672,0.0769230769230769,0.253393665158371,0.623524246872137,0.5,0.0064191107772913,0.0123574541079007,0.00400247121299937,0.0789985471150219
101228,Vexillum,"Power/Folk Metal","Italy",Active,0.0720450281425891,0.0769230769230769,0.188405797101449,0.757799595527554,0.5,0.00477890654903462,0.0122852198970606,0.00362145344992241,0.0713869184192623
92182,Marionette,"Melodic Death Metal","Sweden",Split-up,0.0757396449704142,0.0769230769230769,0.097622027534418,0.794569598082554,0.5,0.00330499606073363,0.012233400584332,0.00262604939164154,0.0387837475910133
3540308796,Meden Agan,"Gothic/Symphonic Metal","Greece",Active,0.0765245117576724,0.0769230769230769,0.341559723593287,0.855297929235309,0.5,0.00600453599784341,0.0121844310538223,0.00513566720497434,0.109550746612321
387,Elvenking,"Melodic Power/Folk Metal","Italy",Active,0.0549042036030884,0.0769230769230769,0.103603603603604,0.87961747429865,0.625,0.0030973980073208,0.0121263271927404,0.00272452541209719,0.0569572125812752
3540389878,Derivate,"Progressive Metal","Switzerland",Active,0.0811496196111581,0.0769230769230769,0.996884735202492,0.716793939542471,0.5,0.010892386936185,0.0121088875852446,0.00780759694300898,0.178640234153887
503,Anathema,"Doom/Death Metal (early), Progressive/Alternative Rock (later)","United Kingdom",Active,0.0460100647016535,0.0769230769230769,0.117391304347826,0.855297929235309,0.75,0.003352656470526,0.0120731825795107,0.00286752013667825,0.0753034046391957
2983,Azeroth,"Melodic Power Metal","Argentina",Active,0.0703296703296703,0.0769230769230769,0.097165991902834,0.855297929235309,0.5,0.0030609067046314,0.0120660747025491,0.00261798716605371,0.0415529358332944
5259,Agonizer,"Melodic Heavy Metal","Finland",Active,0.0769230769230769,0.0769230769230769,0.378548895899054,0.794569598082554,0.375,0.00656930730031919,0.0120196304894681,0.0052197718612954,0.112793791525915
736,Maple Cross,"Thrash Metal","Finland",Active,0.0745920745920746,0.0769230769230769,0.263888888888889,0.623524246872137,0.5,0.00635546789392943,0.0119886397847286,0.0039627883320824,0.0822705603511847
3540359200,Erdh,"Gothic Metal","France",Active,0.0820512820512821,0.0769230769230769,0.917378917378917,0.757799595527554,0.5,0.0101979691723281,0.0119801818108003,0.00772801691399273,0.173797343133812
812,Tad Morose,"Progressive Metal (early), Power/Heavy Metal (later)","Sweden",Active,0.0665280665280665,0.0769230769230769,0.141826923076923,0.855297929235309,0.5,0.00363825363825364,0.0119090553484165,0.00311179080283117,0.0606521368087539
60496,Ihsahn,"Experimental/Extreme Progressive Metal/Rock","Norway",Active,0.143390589992532,0.153846153846154,0.509090909090909,0,0.375,0.0178235506092115,0.0118823670728077,0,0
6,Katatonia,"Doom/Death Metal (early), Depressive Rock/Metal (later)","Sweden",Active,0.114490161001789,0.153846153846154,0.262432594367885,0.827031473382567,0.5,0.00595747761308106,0.0118622322871471,0.00492702148799008,0.0542600037959204
3840,Disbelief,"Death/Thrash/Sludge Metal","Germany",Active,0.0659340659340659,0.0769230769230769,0.122238586156112,0.87961747429865,0.5,0.00328288455625037,0.0118547157953609,0.00288768262178299,0.0537615982082385
124058,Crimfall,"Symphonic Power/Viking/Folk Metal","Finland",Split-up,0.123591889282266,0.153846153846154,0.170074349442379,0.827031473382567,0.5,0.00500424337233652,0.0118540274391616,0.00413866676938842,0.0351642099509781
3540409171,The Doomsday Kingdom,"Doom Metal","Sweden",Active,0.0798336798336798,0.0769230769230769,0.876344086021505,0.827031473382567,0.5,0.00951285318530976,0.0118439826117399,0.00786742898591878,0.181191035163116
17395,66crusher,"Progressive/Thrash Metal","Norway",Active,0.0815979600509987,0.0769230769230769,0.907042253521127,0.757799595527554,0.5,0.0100361954656442,0.0118437054039729,0.00760542486450067,0.171839063211178
3540419679,Fraser Edwards,"Power Metal","United Kingdom",Active,0.0807061790668348,0.0769230769230769,0.888,0.794569598082554,0.25,0.00973440682898438,0.0118334942413157,0.00773466372167819,0.176394450774327
6140,Gurd,"Thrash/Groove Metal","Switzerland",Active,0.0647773279352227,0.0769230769230769,0.155913978494624,0.855297929235309,0.5,0.003770640573566,0.0117477461231094,0.00322502107446164,0.0666764514726451
9966,Spell Forest,"Black Metal","Brazil",Active,0.0765245117576724,0.0769230769230769,0.32258064516129,0.827031473382567,0.5,0.00573221761460232,0.0117325008733386,0.00474072437955406,0.100044129844665
18556,Kimaera,"Atmospheric Doom/Death Metal","Lebanon",Active,0.0757396449704142,0.0769230769230769,0.933139534883721,0.827031473382567,0.5,0.00956272295201702,0.0115950711491242,0.00790867285255593,0.192933941101602
7950,OSI,"Progressive Metal/Rock","United States",On hold,0.0765245117576724,0.0769230769230769,0.19672131147541,0.623524246872137,0.5,0.00523512580435527,0.011442565296397,0.00326422787444151,0.061330253790702
3540285553,Xenolith,"Progressive Death Metal","Israel",Active,0.0807061790668348,0.0769230769230769,0.3,0.467151022118185,0.5,0.00760500533514405,0.0113536658971502,0.00355268601552679,0.0700726533177277
18691,Diapsiquir,"Experimental Industrial Black Metal","France",Active,0.0710059171597633,0.0769230769230769,0.396135265700483,0.794569598082554,0.375,0.0062981140290119,0.0112511355683975,0.00500428993271007,0.118033889570234
232,Onward,"Heavy/Power Metal","United States",Split-up,0.0761300555114988,0.0769230769230769,0.0901639344262295,0.716793939542471,0.5,0.00318008586231828,0.0112149843094912,0.00227946627333444,0.032314480881013
3540458411,Vstgr,"Atmospheric Black Metal","Austria",Active,0.0815979600509987,0.0769230769230769,0.692307692307692,0.87961747429865,0.25,0.00784595769721142,0.0112118877588061,0.00690144149307515,0.152241485936305
3540431734,S-Tool,"Groove Metal","Finland",Active,0.0815979600509987,0.0769230769230769,0.127358490566038,0.87961747429865,0.5,0.00312542984683728,0.0110554938388892,0.00274918270797263,0.0420100326758199
3540325362,Setanera,"Gothic Metal","Italy",Active,0.0798336798336798,0.0769230769230769,0.823076923076923,0.757799595527554,0.5,0.00898128898128898,0.0110290201781459,0.00680601715733687,0.155931839848939
56349,Whorecore,"Death Metal/Grindcore","Israel",Split-up,0.0785597381342062,0.0769230769230769,0.0919540229885057,0.671852104654895,0.5,0.00331673518647953,0.0110079110254203,0.00222835551561922,0.0308897519381561
2561,Autumnal,"Melodic Death/Doom Metal","Spain",On hold,0.0777327935222672,0.0769230769230769,0.894444444444444,0.716793939542471,0.5,0.00943838887158725,0.0109354588560971,0.00676537994219885,0.160283089258803
3540454158,Gaahls Wyrd,"Black Metal","Norway",Active,0.0785597381342062,0.0769230769230769,0.711656441717791,0.87961747429865,0.5,0.00774382506030313,0.0109210932434666,0.00681160384095442,0.156496360458042
3540452613,Majestica,"Power Metal","Sweden",Active,0.0811496196111581,0.0769230769230769,0.113207547169811,0.87961747429865,0.375,0.00289294271654437,0.0108512064080291,0.00254468296561743,0.0373422512673955
126183,Frail Grounds,"Progressive/Power Metal","Norway",Active,0.078979843685726,0.0769230769230769,0.93841642228739,0.623524246872137,0.5,0.0100239193669483,0.0107864335406506,0.00625015677398344,0.146281348239798
191,Paradise Lost,"Doom/Death Metal, Gothic Metal/Rock","United Kingdom",Active,0.173755656108597,0.307692307692308,0.354325259515571,0.827031473382567,0.5,0.0071893310466014,0.0107804455427363,0.00594580304810578,0.0366297676792279
64,Dragonlord,"Symphonic Black/Thrash Metal","United States",Active,0.0749707145646232,0.0769230769230769,0.217761557177616,0.855297929235309,0.75,0.0041423845480769,0.0107768768137696,0.00354297292606651,0.0698441283454016
3540390446,Deluge,"Black Metal/Post-Hardcore","France",Active,0.0794044665012407,0.0769230769230769,0.783018867924528,0.757799595527554,0.5,0.00853540391908293,0.0107046586625321,0.00646812563754534,0.148342845350913
3540385218,Mike LePond's Silent Assassins,"Power Metal","United States",Active,0.0777327935222672,0.0769230769230769,0.152046783625731,0.855297929235309,0.375,0.00333721254241178,0.0105353955282667,0.00285431097694289,0.0487669871932413
3540320178,Psycrence,"Progressive Metal","Greece",Active,0.0811496196111581,0.0769230769230769,0.758782201405152,0.716793939542471,0.5,0.0084771456804216,0.010498726748069,0.00607636664834484,0.135972620849977
3540434996,Pnico al Miedo,"Death/Thrash Metal","Spain",Active,0.0745920745920746,0.0769230769230769,0.155816435432231,0.87961747429865,0.375,0.0032550980748994,0.0103716269151884,0.00286324114723741,0.051397072270919
17166,Nepal,"Thrash Metal","Argentina",Split-up,0.06966618287373,0.0769230769230769,0.19047619047619,0.623524246872137,0.5,0.0046571715657347,0.010344540078623,0.00290385939307906,0.0593832616068702
3484,Darkest Hour,"Melodic Death Metal/Metalcore","United States",Active,0.0593141797961075,0.0769230769230769,0.139646869983949,0.827031473382567,0.5,0.00321141719231919,0.0103167270464217,0.00265594309220985,0.0577461783180444
5329,To/Die/For,"Gothic Metal","Finland",Split-up,0.0659340659340659,0.0769230769230769,0.0997442455242967,0.757799595527554,0.5,0.00291209872166,0.0102688672304937,0.00220678723341026,0.0377930744572565
12422,Everdome,"Heavy/Power Metal","Greece",Active,0.155465587044534,0.153846153846154,0.755813953488372,0.671852104654895,0.25,0.00883880266235977,0.0102446135189598,0.0059383681713357,0.0634743994223374
3059,Arallu,"Black/Death Metal","Israel",Active,0.0753532182103611,0.0769230769230769,0.125714285714286,0.87961747429865,0.375,0.00286300826332223,0.0101939231108573,0.00251835209747967,0.0414676809312221
3540311839,Hemina,"Progressive Metal","Australia",Active,0.0749707145646232,0.0769230769230769,0.66260162601626,0.87961747429865,0.5,0.0069303369271941,0.0101156871674376,0.00609604546393714,0.14570899218565
68,Morbid Angel,"Death Metal","United States",Active,0.0600375234521576,0.0769230769230769,0.105485232067511,0.827031473382567,0.5,0.0027378357822227,0.0101007107679615,0.00226427636085115,0.0436198034484476
3540351587,Porta Nigra,"Avant-garde Black Metal","Germany",Active,0.0757396449704142,0.0769230769230769,0.719298245614035,0,0.5,0.0150763800717086,0.0100509200478058,0,0
1427,Ayreon,"Progressive Metal/Rock","Netherlands",Active,0.072754831375521,0.153846153846154,0.0922774869109948,0.855297929235309,0.75,0.00335750324640294,0.0100167175747704,0.00287166557404926,0.0295967788012546
3540255750,Shadowgarden,"Gothic Metal/Rock","Sweden",Unknown,0.0802675585284281,0.0769230769230769,0.886740331491713,0.520102750384185,0.25,0.00966886362957983,0.00992485724949147,0.00502880256683408,0.115299021321356
3540377382,A Sense of Gravity,"Djent (early), Progressive Metal (later)","United States",Active,0.0781440781440781,0.0769230769230769,0.646,0.794569598082554,0.5,0.00706151967690429,0.00988192218155885,0.00561086885152989,0.128322990090332
2417,Misery Index,"Death Metal/Grindcore","United States",Active,0.0579185520361991,0.0769230769230769,0.0576388888888889,0.87961747429865,0.5,0.0019484085547434,0.00978996744601499,0.00171385421182527,0.0253500869329125
3540283915,Voice of Ruin,"Thrash/Groove Metal","Switzerland",Active,0.0765245117576724,0.0769230769230769,0.568527918781726,0.87961747429865,0.5,0.00617410278872669,0.00972542667200289,0.00543084870108002,0.125021772996762
333,Eternal Tears of Sorrow,"Melodic/Symphonic Death Metal","Finland",Active,0.0686940966010734,0.0769230769230769,0.0973262032085561,0.671852104654895,0.5,0.00299247422050747,0.00968702837680461,0.00201050010317346,0.0326944072318692
7844,Mid Autumn Nights,"Gothic Metal","Israel",Split-up,0.0807061790668348,0.0769230769230769,0.5625,0.0784190706665184,0.5,0.0129013483364051,0.00965571615084786,0.00101171174688592,0.0220553636249583
170,Edguy,"Power Metal","Germany",Active,0.0572450805008945,0.0769230769230769,0.0969924812030075,0.827031473382567,0.5,0.00248895253132142,0.00954988223264068,0.00205844207915803,0.0401079173181771
116957,Saint Deamon,"Power Metal","Sweden",Active,0.0753532182103611,0.0769230769230769,0.563973063973064,0.87961747429865,0.5,0.00603669834439065,0.0095479661864665,0.00530998535079574,0.124020140526114
95347,Obsidian Kingdom,"Experimental/Progressive Extreme Metal (early), Progressive/Post-Metal/Rock (later)","Spain",Active,0.0731150038080731,0.0769230769230769,0.687103594080338,0.794569598082554,0.5,0.00698272661998552,0.00949639767912243,0.00554826228396224,0.136487906647373
3540307664,The Man-Eating Tree,"Atmospheric Gothic Metal","Finland",Active,0.0777327935222672,0.0769230769230769,0.140287769784173,0.757799595527554,0.375,0.00316582610585465,0.00947378567353655,0.00239906174252722,0.0398662556999657
3540432495,Jaeha Kim,"Progressive Rock/Metal/Neoclassical/Shred","Korea, South",Active,0.0825096691018479,0.0769230769230769,0.923728813559322,0.827031473382567,0.375,0.00774032403467262,0.00942509684846566,0.00640149159085379,0.143241150315731
75597,Mudslide,"Melodic Death Metal/Metalcore","Denmark",Split-up,0.0807061790668348,0.0769230769230769,0.857142857142857,0.467151022118185,0.5,0.00942311156686945,0.00942390554810672,0.00440201619999675,0.100103790453897
119583,Fughu,"Progressive Metal","Argentina",Active,0.0761300555114988,0.0769230769230769,0.733766233766234,0.671852104654895,0.5,0.00771472777816949,0.0094054966873542,0.00518315609460275,0.123245597120135
120389,Dreamtone & Iris Mavraki's Neverland,"Progressive/Power Metal","International",Split-up,0.142011834319527,0.153846153846154,0.114421930870083,0.520102750384185,0.5,0.00476215534999238,0.00932983236805233,0.0024768100952878,0.0148777902374499
3540437606,Mad Hatter,"Power Metal","Sweden",Active,0.0815979600509987,0.0769230769230769,0.431818181818182,0.855297929235309,0.5,0.00518903111338301,0.00927523459737573,0.00443816756601408,0.0923332991788118
3540353213,The HAARP Machine,"Progressive Death Metal/Metalcore","United Kingdom",Active,0.0802675585284281,0.0769230769230769,0.909090909090909,0.855297929235309,0.375,0.00741983768739622,0.0092373507453978,0.00634617180929209,0.145789419756019
95421,The Fading,"Melodic Death Metal","Israel",Active,0.0765245117576724,0.0769230769230769,0.533751962323391,0.827031473382567,0.5,0.00584145115261667,0.00916831574414689,0.00483106395344086,0.110357417955288
3540333391,Arch / Matheos,"Progressive Metal","United States",Active,0.153049023515345,0.153846153846154,0.389698736637512,0.87961747429865,0.25,0.00519931342033001,0.00907556709307176,0.00457340693887775,0.0428482273073079
3540413831,Seventh Station,"Progressive Metal","Slovenia",Active,0.0811496196111581,0.0769230769230769,0.461538461538462,0.794569598082554,0.5,0.0054619936276741,0.0090145808050319,0.00433993408147048,0.0916811074710639
19062,Reflexion,"Gothic Metal/Hard Rock","Finland",On hold,0.0738461538461539,0.0769230769230769,0.130281690140845,0.520102750384185,0.5,0.00382531877656471,0.00895147713782285,0.00198955881678757,0.0338799326834768
331,Avantasia,"Symphonic Power Metal","Germany",Active,0.0512820512820513,0.0769230769230769,0.0893180446590223,0.87961747429865,0.5,0.00213129643053973,0.00893896235795512,0.00187472558321309,0.0392828564261316
3540318234,Daydream XI,"Progressive/Power Metal","Brazil",Active,0.0765245117576724,0.0769230769230769,0.936046511627907,0.827031473382567,0.375,0.00726721904899072,0.00880032393112898,0.00601021887748065,0.14515123606242
45259,Edgend,"Progressive Power Metal","Israel",Active,0.0753532182103611,0.0769230769230769,0.153191489361702,0.467151022118185,0.5,0.00433496828165989,0.00875686767225072,0.00202508486362733,0.0357817804175631
7672,Sombre Chemin,"Black Metal","France",Split-up,0.0785597381342062,0.0769230769230769,0.680672268907563,0.57260664193259,0.5,0.00743956149751856,0.00870835998535666,0.00425994232654509,0.0974393655389491
4734,Azazel,"Melodic Black Metal (early), Death Metal (later)","Israel",Active,0.078979843685726,0.0769230769230769,0.607142857142857,0.197209944814959,0.375,0.0101301413518608,0.00870037889475172,0.00199776461696821,0.0449004785069773
3540318962,Sklmld,"Viking/Folk Metal","Iceland",Active,0.0683760683760684,0.0769230769230769,0.592783505154639,0.855297929235309,0.5,0.00572398788100612,0.00868948439494601,0.00489571498159254,0.126751626110903
51680,The Body,"Experimental Sludge/Doom Metal/Noise/Industrial","United States",Active,0.0597944565555902,0.0769230769230769,0.201421800947867,0.87961747429865,0.375,0.00312065263262348,0.00865496619497672,0.0027449805868717,0.0664403009319181
46509,Area51,"Power Metal","Japan",Active,0.0753532182103611,0.0769230769230769,0.58041958041958,0.716793939542471,0.25,0.00619161058721498,0.00862880123632734,0.0044381089449227,0.104010309409135
4,Iced Earth,"Power/Thrash Metal","United States",Active,0.0471860407962644,0.0769230769230769,0.122137404580153,0.87961747429865,0.5,0.00234821900028386,0.0084830903380831,0.00206553446612979,0.0537170976670931
1723,Arise,"Death/Thrash Metal","Sweden",Unknown,0.0745920745920746,0.0769230769230769,0.135446685878963,0.467151022118185,0.5,0.00396027529700773,0.00844781084593907,0.00185004665286656,0.031637028875439
81576,Hybrid Circle,"Industrial Groove Metal","Italy",On hold,0.078979843685726,0.0769230769230769,0.859375,0.716793939542471,0.375,0.00693268835237161,0.00816005931616066,0.00496930899571665,0.115499023461433
2809,Daylight Dies,"Melodic Doom/Death Metal","United States",Active,0.0738461538461539,0.0769230769230769,0.491228070175439,0.757799595527554,0.5,0.00524447212706322,0.00815969687769889,0.00397425885664404,0.093063108222682
219,Napalm Death,"Hardcore Punk (early), Grindcore/Death Metal (later)","United Kingdom",Active,0.0476426799007444,0.0769230769230769,0.0913415794481446,0.855297929235309,0.5,0.00200414479052572,0.00812754410407171,0.00171414088922438,0.0390621318775403
1160,The Forsaken,"Melodic Death/Thrash Metal","Sweden",Active,0.0761300555114988,0.0769230769230769,0.580310880829015,0.623524246872137,0.5,0.00625440721096361,0.00812534943457084,0.00389977454584775,0.0904594762301546
3540385261,Heliosaga,"Symphonic Power Metal","United States",Active,0.0785597381342062,0.0769230769230769,0.853333333333333,0.716793939542471,0.375,0.00685131562381972,0.00808699026087831,0.00491098151704662,0.114687030326795
3540272949,Furor Gallico,"Folk Metal","Italy",Active,0.0680609712867777,0.0769230769230769,0.450276243093923,0.87961747429865,0.5,0.00448521222276072,0.00797910978697284,0.00394527104707822,0.0990177129217403
3540423318,Ignea,"Symphonic/Progressive Metal with Middle-Eastern Folk influences","Ukraine",Active,0.0781440781440781,0.0769230769230769,0.291666666666667,0.855297929235309,0.5,0.00360038821577283,0.00796996449540124,0.00307940458539371,0.0623654740067413
28996,Wormfood,"Gothic/Avant-garde Metal","France",Active,0.0738461538461539,0.0769230769230769,0.407582938388626,0.794569598082554,0.5,0.00447236321826187,0.00787123454396465,0.00355360384481353,0.0809632528851891
391,Grave Digger,"Speed Metal (early), Heavy/Power Metal (later)","Germany",Active,0.0457251726601572,0.0769230769230769,0.0922865013774105,0.855297929235309,0.5,0.00193428429588554,0.00780763044561693,0.00165438935282328,0.0394662267622354
712,Mob Rules,"Melodic Power Metal","Germany",Active,0.0636604774535809,0.0769230769230769,0.500732064421669,0.87961747429865,0.5,0.00459672526269029,0.00773088920765727,0.00404335986561243,0.110113168451734
3720,Heaven's Cry,"Progressive Metal","Canada",Active,0.072754831375521,0.0769230769230769,0.387323943661972,0.794569598082554,0.5,0.00422202671240666,0.00763208256865542,0.00335469406797076,0.0769389575608106
3540374811,Bloodway,"Progressive Black Metal","Romania",Split-up,0.078979843685726,0.0769230769230769,0.223140495867769,0.855297929235309,0.5,0.00296237175935018,0.00760418923587761,0.00253371043139737,0.0477129010110607
12841,Peste Noire,"Black Metal","France",Active,0.0677487649964714,0.0769230769230769,0.136069114470842,0.855297929235309,0.625,0.0022546809251297,0.00753909753443351,0.00192842392634979,0.0363686349499355
3540366841,Parallax,"Progressive Metal","Ukraine",Changed name,0.0815979600509987,0.0769230769230769,0.311111111111111,0.716793939542471,0.5,0.00395784977170443,0.007512643451435,0.00283696272997729,0.0557506397421922
69,Dimmu Borgir,"Symphonic Black Metal","Norway",Active,0.078979843685726,0.153846153846154,0.103919781221513,0.87961747429865,0.5,0.00254478915739367,0.00748586365687415,0.00223844101124921,0.0228524138719339
5107,Love Lies Bleeding,"Atmospheric Black/Doom Metal","France",Split-up,0.0761300555114988,0.0769230769230769,0.341463414634146,0.757799595527554,0.5,0.00398147335343908,0.00746192600846806,0.00301715889683987,0.0646902093743034
1184,Zonata,"Neoclassical Power Metal","Sweden",Split-up,0.0769230769230769,0.0769230769230769,0.136890951276102,0.364551067657786,0.5,0.0041118082345996,0.00741493712637134,0.00149896408192736,0.0249518712201965
96697,Nuclear Blast Allstars,"Power Metal, Melodic Death Metal","Germany",Split-up,0.136752136752137,0.153846153846154,0.345786272806255,0.364551067657786,0.375,0.00640554393144115,0.00738618371205295,0.00233514787913572,0.0236356415499238
4220,Doro,"Heavy Metal","Germany",Active,0.0337197049525817,0.0769230769230769,0.0925349922239502,0.87961747429865,0.625,0.00178564877920998,0.00736969120790781,0.00157068786915315,0.0508721225901727
4196,Substance for God,"Death/Doom Metal","Israel",Split-up,0.0794044665012407,0.0769230769230769,1,0.0351556066959704,0.5,0.0106890627982439,0.00735866788168104,0.000375780487683593,0.0087889016739926
3540258648,Signum Regis,"Progressive/Power Metal","Slovakia",Active,0.0683760683760684,0.0769230769230769,0.333960489181562,0.87961747429865,0.5,0.0035118253513217,0.00735328228150022,0.00308906294570756,0.0734393705023567
1433,Heavenly,"Power Metal","France",Active,0.0674394099051633,0.0769230769230769,0.106930693069307,0.467151022118185,0.5,0.0030997474392815,0.00731722983756171,0.00144805018456858,0.0249763912815663
7162,Grand Magus,"Heavy/Doom Metal","Sweden",Active,0.0720450281425891,0.0769230769230769,0.251214434420541,0.87961747429865,0.5,0.00295508452992377,0.00725106182749579,0.00259934399055056,0.0552431515780901
28407,Phazm,"Death/Doom Metal (early),  Death n Roll (later)","France",Active,0.0749707145646232,0.0769230769230769,0.25,0.827031473382567,0.5,0.00306370708557354,0.00720939976762605,0.0025337821849945,0.0516894670864104
2768,Carbonized,"Progressive Death Metal, Progressive Rock/Metal (on Screaming Machines)","Sweden",Split-up,0.216135084427767,0.230769230769231,0.114803625377644,0.0527448131161394,0.5,0.00933630230490617,0.00717420192293608,0.000492441520268058,0.00151382394139977
19975,Nidingr,"Black Metal (early), Black/Death Metal (later)","Norway",Active,0.0745920745920746,0.0769230769230769,0.244604316546763,0.827031473382567,0.5,0.0029979244146372,0.00713944905580361,0.00247937784572697,0.0505738670773512
3031,Dionysus,"Power Metal","Sweden",Split-up,0.0745920745920746,0.0769230769230769,0.64922480620155,0.414929126335629,0.5,0.00677060963286366,0.00709294178374674,0.00280932313972371,0.0673455704081569
4520,Heavenwood,"Gothic Metal","Portugal",Active,0.06966618287373,0.0769230769230769,0.350096711798839,0.794569598082554,0.25,0.00371860483647532,0.00709195580147733,0.00295469035034604,0.0695440508960069
41816,Pillow Killz,"Power Metal (early), Hard Rock (later)","Germany",On hold,0.0765245117576724,0.0769230769230769,0.918918918918919,0.0951784981534632,0.5,0.00952579031494934,0.00695748421838475,0.000906650415901684,0.0218653306568767
10257,Asgaut,"Progressive Death Metal","Israel",Active,0.0785597381342062,0.0769230769230769,0.173076923076923,0.272942439488418,0.5,0.00490998363338789,0.00684703685091218,0.0013401429107451,0.0236200188018823
3540294014,Barren Earth,"Progressive Melodic Death/Doom Metal","Finland",Active,0.0742172400463858,0.0769230769230769,0.173960612691466,0.855297929235309,0.5,0.00232748687698069,0.00684147889508993,0.00199069470620394,0.0371970379508792
36,Dark Avenger,"Power Metal","Brazil",Split-up,0.0738461538461539,0.0769230769230769,0.568527918781726,0.827031473382567,0.375,0.00446850689334094,0.0067960729342494,0.00369559583981992,0.0881607154367203
108948,Savage Messiah,"Thrash/Power Metal","United Kingdom",Active,0.0699963543565439,0.0769230769230769,0.20554272517321,0.87961747429865,0.5,0.00247144704714214,0.00677846606719613,0.00217392800947003,0.0451997431943301
3540319102,Embrace of Disharmony,"Progressive Metal","Italy",Active,0.0773258155457108,0.0769230769230769,0.0893081761006289,0.87961747429865,0.5,0.00160674590115543,0.00673925881480374,0.00141332177141405,0.0196392580739636
3540436509,Off the Cross,"Metalcore","Belgium",Active,0.0753532182103611,0.0769230769230769,0.134831460674157,0.855297929235309,0.5,0.00199454823482481,0.00670048644792806,0.0017059329750056,0.0288302672775947
3540276311,Ally the Fiddle,"Folk Rock/Metal","Germany",Active,0.0757396449704142,0.0769230769230769,0.115942028985507,0.855297929235309,0.5,0.00182594183108719,0.00661562467940919,0.001561724267033,0.0247912443256611
4285,Pentagram Chile,"Thrash/Death Metal","Chile",Active,0.0734787600459242,0.0769230769230769,0.122340425531915,0.87961747429865,0.5,0.0018302043853501,0.0066062363674161,0.00160987975889196,0.0269031940277513
172,Symphony X,"Progressive Power Metal","United States",Active,0.06966618287373,0.0769230769230769,0.30042194092827,0.757799595527554,0.5,0.00328602337751536,0.00659009935198201,0.00249014718637522,0.0569149063307614
6451,Embraze,"Gothic/Doom Metal","Finland",Active,0.0710059171597633,0.0769230769230769,0.15527950310559,0.87961747429865,0.5,0.00206096964522486,0.00657881688951075,0.00181286491393887,0.0341466410830221
3540261257,Jeff Loomis,"Progressive Metal","United States",Active,0.0734787600459242,0.0769230769230769,0.300089047195013,0.671852104654895,0.25,0.00346279792530967,0.00642243691556363,0.0023264880741139,0.0504038644854629
2756,Lock Up,"Grindcore/Death Metal","United Kingdom",Active,0.0734787600459242,0.0769230769230769,0.139720558882236,0.827031473382567,0.5,0.00198983821635189,0.00639066274282666,0.00164565883186245,0.0288883249185527
3540416700,Hansen & Friends,"Power Metal","Germany",Active,0.0723981900452489,0.0769230769230769,0.154269972451791,0.827031473382567,0.5,0.00209224479072278,0.0063844616757613,0.00173035229194846,0.0318965306538731
3540335449,Arbitrator,"Progressive Death Metal","Canada",Active,0.0802675585284281,0.0769230769230769,0.418867924528302,0.757799595527554,0.375,0.00373086874001874,0.00628891603835585,0.00282725082215259,0.059515864460065
629,Borknagar,"Progressive Viking/Folk/Black Metal","Norway",Active,0.0656410256410256,0.0769230769230769,0.192429022082019,0.87961747429865,0.5,0.0022100685046572,0.00628496176849912,0.00194401487609356,0.0423159825963861
3540389921,Destinia,"Power Metal","Japan",Active,0.0706661759293338,0.0769230769230769,0.126984126984127,0.855297929235309,0.25,0.00180116779307063,0.00623749802365853,0.00154053508361864,0.0271523152138193
337,Thyrfing,"Viking/Black Metal","Sweden",Active,0.06966618287373,0.0769230769230769,0.319090909090909,0.671852104654895,0.5,0.00344859784627564,0.00619951286309945,0.00231694772112863,0.0535954747122427
2759,Highlord,"Power Metal","Italy",Active,0.0693391115926327,0.0769230769230769,0.200294550810015,0.794569598082554,0.5,0.00240275300310372,0.00619306450453244,0.00190915448796777,0.0397869901838098
3111,Power Quest,"Melodic Power Metal","United Kingdom",Active,0.0644944575075579,0.0769230769230769,0.236979166666667,0.827031473382567,0.5,0.00253061936384073,0.00613199176068423,0.00209290186104765,0.0489973073423266
1456,Beseech,"Gothic Metal","Sweden",Active,0.0690150970524802,0.0769230769230769,0.194029850746269,0.794569598082554,0.5,0.00233748032496919,0.00612809504386426,0.00185729080233665,0.0385425551308701
20825,As I Lay Dying,"Metalcore","United States",Active,0.0615384615384615,0.0769230769230769,0.235930735930736,0.87961747429865,0.5,0.00240656779118318,0.00611523737001263,0.00211685908220903,0.0518821995122039
8016,Lucifer's Heritage,"Speed Metal","Germany",Changed name,0.0807061790668348,0.0769230769230769,0.80952380952381,0.00663657034741849,0.5,0.00894271764385257,0.00600644611547242,5.93489747405282e-05,0.00134311542745374
3540343083,Hail Spirit Noir,"Progressive/Psychedelic Rock/Black Metal","Greece",Active,0.0785597381342062,0.0769230769230769,0.351521511017838,0.794569598082554,0.375,0.00315548387190527,0.00600497963677644,0.00250725155185575,0.052370307323778
2273,Burning Point,"Melodic Power Metal","Finland",Active,0.0699963543565439,0.0769230769230769,0.153301886792453,0.794569598082554,0.5,0.00201436351774434,0.00597765694085649,0.00160055201068628,0.0304522546434941
10188,Ondskapt,"Black Metal","Sweden",Active,0.0798336798336798,0.0769230769230769,0.301470588235294,0.520102750384185,0.5,0.00377606983941826,0.00597752293084445,0.0019639443091242,0.0391989205252786
15105,Debauchery,"Death Metal/Hard Rock","Germany",Active,0.0659340659340659,0.0769230769230769,0.123711340206186,0.87961747429865,0.5,0.00165358036095546,0.00593544995290062,0.00145451818065349,0.0272046641535665
3,Blind Guardian,"Speed Metal (early), Power Metal (later)","Germany",Active,0.0516406670252824,0.0769230769230769,0.120385232744783,0.87961747429865,0.625,0.00159205198763739,0.00579303810632873,0.00140039674831774,0.0330915482405692
6887,Area 54,"Melodic Heavy/Thrash Metal","United Kingdom",Split-up,0.0785597381342062,0.0769230769230769,0.427083333333333,0.364551067657786,0.5,0.00494932645096311,0.00568613733495382,0.00180428224188552,0.0389234212863781
5503,Transatlantic,"Progressive Rock","United States",Active,0.06966618287373,0.0769230769230769,0.185185185185185,0.716793939542471,0.5,0.00228251026509372,0.00568303164964141,0.00163608952496266,0.0331849046084477
4194,Grimoire,"Black Metal","Israel",Split-up,0.0807061790668348,0.0769230769230769,0.714285714285714,0.0527448131161394,0.5,0.00798192979781883,0.00567602255956237,0.000421005395492099,0.00941871662788204
2332,Insomnium,"Melodic Death Metal","Finland",Active,0.0656410256410256,0.0769230769230769,0.0804020100502513,0.87961747429865,0.5,0.0012908725084991,0.00567216443772706,0.00113547401556754,0.0176807532522342
3540363260,Iron Reagan,"Crossover/Hardcore Punk","United States",Active,0.0690150970524802,0.0769230769230769,0.0513447432762836,0.855297929235309,0.5,0.00110655200747112,0.00565674047122743,0.000946431640581223,0.010978763150331
3540256739,Black Sun Aeon,"Melodic Doom/Death Metal","Finland",Split-up,0.0749707145646232,0.0769230769230769,0.072,0.57260664193259,0.625,0.00174451085813835,0.00563474985439802,0.00099891850429354,0.0128836494434833
313,Brainstorm,"Power Metal","Germany",Active,0.0639360639360639,0.0769230769230769,0.12116991643454,0.855297929235309,0.5,0.00158316078607486,0.00561247244804756,0.00135407414197638,0.0259090946530195
1164,Extol,"Technical Death Metal (early), Progressive Death/Thrash Metal, Progressive Metal/Alternative Rock","Norway",On hold,0.06966618287373,0.0769230769230769,0.445751633986928,0.757799595527554,0.375,0.00341369549941222,0.00557535982483697,0.00258689706870881,0.0633357014889451
10236,The Armada,"Melodic Progressive/Power Metal","Germany",Unknown,0.0777327935222672,0.0769230769230769,0.151595744680851,0.197209944814959,0.5,0.00444085159392249,0.00551551438275481,0.000875780097768877,0.0149480942213466
94,Therion,"Death Metal (early), Symphonic/Operatic Metal (later)","Sweden",Active,0.0324598478444632,0.0769230769230769,0.083989501312336,0.855297929235309,0.5,0.00130579945144545,0.00549767307507407,0.00111684756681789,0.0359180232749736
150,Amon Amarth,"Melodic Death Metal","Sweden",Active,0.0540997464074387,0.0769230769230769,0.260544217687075,0.87961747429865,0.5,0.0022821118824017,0.00548699811286019,0.00200738549006512,0.0572948116762556
1162,Dream Evil,"Heavy/Power Metal","Sweden",Active,0.0631163708086785,0.0769230769230769,0.138801261829653,0.827031473382567,0.5,0.00170196716964678,0.00548458020846968,0.00140758041596174,0.0286982530195843
77622,Thee Orakle,"Death/Doom/Gothic Metal","Portugal",Split-up,0.0757396449704142,0.0769230769230769,0.168,0.623524246872137,0.5,0.00231879836140191,0.00548132433164632,0.00144582700194147,0.0261880183686298
74,Falconer,"Folk/Power Metal","Sweden",Active,0.0674394099051633,0.0769230769230769,0.164835164835165,0.716793939542471,0.5,0.0020380041454857,0.00538701612251893,0.00146082902024659,0.0295382117943326
21894,Jordan Rudess,"New Age, Progressive Rock/Metal","United States",Active,0.0600375234521576,0.0769230769230769,0.112426035502959,0.87961747429865,0.25,0.00142100647224042,0.00534817554333801,0.00124994212407415,0.0247229763486307
1298,Silent Stream of Godless Elegy,"Doom/Death Metal (early), Doom/Folk Metal (later)","Czechia",Active,0.062317429406037,0.0769230769230769,0.0714285714285714,0.855297929235309,0.5,0.00115561167167788,0.00521207180830618,0.000988392269786248,0.0152731773077734
146,Darkthrone,"Death Metal (early), Black Metal (mid), Black/Heavy/Speed Metal (later)","Norway",Active,0.0600375234521576,0.0769230769230769,0.0836538461538461,0.87961747429865,0.5,0.00120508009813826,0.00520422462726991,0.00106000951225194,0.0183958462173035
1113,Stormwitch,"Heavy/Power Metal","Germany",Active,0.0581465778316172,0.0769230769230769,0.140845070422535,0.855297929235309,0.5,0.00158280906610984,0.00519959334503172,0.00135377331661862,0.0301161242688489
37,Dream Theater,"Progressive Metal","United States",Active,0.0299578717428616,0.0769230769230769,0.0830258302583026,0.87961747429865,0.5,0.00119793221168766,0.00519053272076157,0.0010537221064257,0.0365154855566783
476,Seven Witches,"Heavy/Power Metal","United States",Active,0.0647773279352227,0.0769230769230769,0.113114754098361,0.757799595527554,0.5,0.00153876786252176,0.00511653131740346,0.00116607766382979,0.0214295787259841
34,Candlemass,"Epic Doom Metal","Sweden",Active,0.0500651890482399,0.0769230769230769,0.263649425287356,0.87961747429865,0.5,0.00213135333847468,0.00509075348739122,0.00187477564042709,0.0579776603928887
39566,Slowmotion Apocalypse,"Melodic Death Metal/Metalcore","Italy",Unknown,0.0765245117576724,0.0769230769230769,0.242424242424242,0.467151022118185,0.5,0.00305473721177189,0.00501553346490557,0.00142702361078169,0.0283121831586779
5565,Aztec,"Death/Black Metal","Israel",Split-up,0.0794044665012407,0.0769230769230769,0.6,0.0784190706665184,0.5,0.00671883947318191,0.00499812835460444,0.000526885147444445,0.0117628605999778
3540272417,Wardruna,"Folk/Ambient","Norway",Active,0.0731150038080731,0.0769230769230769,0.672619047619048,0.855297929235309,0.125,0.00342517345563804,0.00488907861013689,0.00292954376387897,0.0719112098240997
3393,Crack Up,"Death Metal (early), Death n Roll (later)","Germany",Split-up,0.0757396449704142,0.0769230769230769,0.143979057591623,0.165776040829341,0.5,0.00418276231033751,0.00488114461972753,0.000693401775537939,0.0119341390649394
10087,Mokoma,"Hard Rock/Heavy Metal (early), Thrash Metal (later)","Finland",Active,0.0693391115926327,0.0769230769230769,0.345035105315948,0,0.5,0.00731455137142405,0.00487636758094937,0,0
3010,Heaven Shall Burn,"Melodic Death Metal/Metalcore","Germany",Active,0.0593141797961075,0.0769230769230769,0.0941408821593153,0.794569598082554,0.5,0.00126831480320587,0.00477298020223637,0.00100776438342544,0.0187003707251161
3540405545,Enzo and the Glory Ensemble,"Symphonic Progressive Metal","Italy",Active,0.0706661759293338,0.0769230769230769,0.159090909090909,0.827031473382567,0.25,0.00156358179913572,0.00469508484091227,0.00129313135909338,0.024669972927605
3540345690,Storm Corrosion,"Progressive/Experimental Rock/Folk","International",Active,0.0802675585284281,0.0769230769230769,0.666666666666667,0.623524246872137,0.25,0.00373038332904554,0.00457228759351799,0.00232598445578749,0.0519603539060114
342,U.D.O.,"Heavy Metal","Germany",Active,0.0514607343875637,0.0769230769230769,0.106404958677686,0.87961747429865,0.5,0.00117927441823058,0.00455832971278226,0.001037310385269,0.0233989152512296
14481,Ghost Machinery,"Power Metal","Finland",Active,0.0777327935222672,0.0769230769230769,0.0877742946708464,0.757799595527554,0.375,0.00120022376060349,0.00448176664188572,0.000909529080327884,0.0124716234373657
7525,Distorted,"Gothic/Melodic Death Metal with Middle Eastern influences","Israel",On hold,0.0785597381342062,0.0769230769230769,0.192660550458716,0.414929126335629,0.5,0.00264730239654788,0.00448126189013042,0.00109844287054583,0.0199851184702941
546,Afterworld,"Power Metal","Finland",Active,0.0742172400463858,0.0769230769230769,0.170212765957447,0.115072453419841,0.5,0.00458543504378243,0.00448035001221943,0.00052765726048536,0.0097934002910503
1499,Thin Lizzy,"Hard Rock/Heavy Metal","Ireland",Active,0.0429338103756708,0.0769230769230769,0.0673076923076923,0.671852104654895,0.5,0.00116107059309206,0.00437969341977995,0.000780067721621807,0.0169578055261452
5110,Penumbra,"Gothic Metal","France",Active,0.0650626906133514,0.0769230769230769,0.745412844036697,0.757799595527554,0.5,0.0033439617253532,0.00428366117651597,0.00253405284293228,0.0706091939640066
4228,Carcariass,"Progressive Melodic Death Metal","France",Active,0.0769230769230769,0.0769230769230769,0.589090909090909,0,0.5,0.00640398063474987,0.00426932042316658,0,0
79468,Sylosis,"Melodic Death/Thrash Metal","United Kingdom",On hold,0.0757396449704142,0.0769230769230769,0.575438596491228,0,0.5,0.00617620519208809,0.00411747012805873,0,0
3540325133,Symfonia,"Melodic Power Metal","Finland",Split-up,0.0761300555114988,0.0769230769230769,0.211726384364821,0.57260664193259,0.375,0.00206014682917611,0.00409796718423705,0.00117965375774261,0.0227317376174379
5303,Grotesque,"Death/Black Metal","Sweden",Split-up,0.0785597381342062,0.0769230769230769,0.181538461538462,0.0527448131161394,0.5,0.00507616769482563,0.00407471491427402,0.000267741516409762,0.00478760611361881
23730,Decadawn,"Melodic Death Metal","Canada",Active,0.0811496196111581,0.0769230769230769,0.410714285714286,0.716793939542471,0.5,0.00247322415538815,0.00407246425081939,0.00177279208571227,0.0367996888604394
221,Gamma Ray,"Power/Speed Metal","Germany",Active,0.0502354788069074,0.0769230769230769,0.0904373610081542,0.794569598082554,0.5,0.00105092896660114,0.00402691799482484,0.000835036206605579,0.017964694396974
3540278677,Vangough,"Progressive Metal","United States",Active,0.0749707145646232,0.0769230769230769,0.363834422657952,0.827031473382567,0.5,0.00206524404333165,0.00396029355084294,0.00170802182405114,0.0376128148297627
3540408371,Ivar Bjrnson & Einar Selvik,"Neofolk with Progressive Black Metal influences","Norway",Active,0.0723981900452489,0.0769230769230769,0.365217391304348,0.855297929235309,0.5,0.00200063560283903,0.00391384131964626,0.00171113948826265,0.0390462098129163
982,Avulsed,"Death Metal","Spain",Active,0.0489047376464595,0.0769230769230769,0.0463505594033031,0.827031473382567,0.5,0.000753583105408334,0.0038728685062005,0.000623236945982065,0.009583342858855
110710,Tarja,"Symphonic Metal/Rock, Neoclassical","Finland",Active,0.0436959490213928,0.0769230769230769,0.101822752985544,0.87961747429865,0.5,0.000976308583934204,0.00385384908222948,0.000858778090736296,0.0223912682018198
2975,Anata,"Technical Death Metal","Sweden",Active,0.0749707145646232,0.0769230769230769,0.186046511627907,0.316975790881141,0.5,0.00246437724530403,0.00362324329203983,0.000781147926359731,0.0147430600409833
540,Anthem,"Heavy Metal","Japan",Active,0.0521880945909214,0.0769230769230769,0.335945151811949,0,0.5,0.00538670154370243,0.00359113436246829,0,0
1960,Dryrot,"Thrash Metal (early), Rock (later)","Germany",Split-up,0.0785597381342062,0.0769230769230769,0.651162790697674,0.272942439488418,0.25,0.00357488969371891,0.003276688402976,0.000975739113905642,0.0222162450746387
29125,Disdain,"Power Metal","Sweden",Active,0.0761300555114988,0.0769230769230769,0.415254237288136,0.520102750384185,0.5,0.002341842890775,0.0032110390629513,0.00121799892845973,0.0269968588652808
3540402769,Silent Line,"Symphonic/Melodic Death Metal","Canada",Active,0.0794044665012407,0.0769230769230769,0.112068965517241,0.757799595527554,0.5,0.000937925768934582,0.00313247853752811,0.000710759768333496,0.0106157270925196
3540332858,Hammercult,"Death/Thrash Metal","Israel",Split-up,0.0765245117576724,0.0769230769230769,0.10655737704918,0.794569598082554,0.125,0.000877547009831442,0.00311853344616919,0.000697272174900315,0.0105834065318373
87185,Van Canto,"Power A Cappella","Germany",Active,0.0699963543565439,0.0769230769230769,0.125193199381762,0.855297929235309,0.25,0.000884212656091166,0.00308396414302632,0.000756265253758427,0.0133846855231955
3490,Mighty D.,"Atmospheric Death Metal","Germany",Split-up,0.0749707145646232,0.0769230769230769,0.161290322580645,0.232939924203286,0.5,0.00223237859745776,0.00294355844565097,0.000520010101284849,0.00939273887916476
3540368678,Vrawsche,"Black/Thrash Metal","United States",Active,0.0825096691018479,0.0769230769230769,0.952380952380952,0.671852104654895,0.125,0.00265398546447107,0.0029242047854902,0.00178308572002839,0.0399911967056485
5207,Mythos,"Black/Death Metal","Finland",Split-up,0.0699963543565439,0.0769230769230769,0.0608695652173913,0.0951784981534632,0.5,0.00241124565174717,0.00271785508181036,0.000229498739812364,0.00289673690032279
2170,Antaeus,"Black Metal","France",Active,0.0617959446411329,0.0769230769230769,0.156089193825043,0.794569598082554,0.25,0.000899950836490968,0.00264584967835384,0.000715073574444686,0.0155029660003243
9842,Shining Fury,"Power Metal","Italy",Split-up,0.0749707145646232,0.0769230769230769,0.165217391304348,0.316975790881141,0.375,0.00170188536825211,0.00261983409187926,0.000539456460590753,0.00981935873925273
3540357966,Circus of Fools,"Gothic/Melodic Death/Groove Metal","Germany",Active,0.0731150038080731,0.0769230769230769,0.117647058823529,0,0.5,0.00355649905401261,0.00237099936934174,0,0
3123,Mystic Prophecy,"Power/Speed/Thrash Metal","Germany",Active,0.0683760683760684,0.0769230769230769,0.108433734939759,0,0.5,0.00316849251047583,0.00211232834031722,0,0
2224,Akitsa,"Black Metal","Canada",Active,0.0777327935222672,0.0769230769230769,0.300724637681159,0.855297929235309,0.125,0.000917362869483975,0.00199667310743246,0.000784618562627005,0.0160755724924209
3540372249,Tombs,"Black/Post-Metal","United States",Active,0.0659340659340659,0.0769230769230769,0.0981981981981982,0,0.5,0.00288661442507596,0.00192440961671731,0,0
78,Sepultura,"Death/Thrash Metal (early), Nu-Metal, Groove/Thrash Metal (later)","Brazil",Active,0.06192549588776,0.153846153846154,0.204248366013072,0,0.5,0.00277189758962149,0.00184793172641432,0,0
18193,Anthony,"Thrash/Death Metal","Finland",Split-up,0.0820512820512821,0.0769230769230769,0.947368421052632,0.0189224552069325,0.125,0.00262638845634797,0.00178327171484212,4.9697717921249e-05,0.00112040853198942
263,Behemoth,"Black Metal (early), Black/Death Metal (later)","Poland",Active,0.043058981834492,0.0769230769230769,0.11864406779661,0,0.625,0.0026315381662214,0.00175435877748093,0,0
3540341228,Lost Society,"Thrash Metal","Finland",Active,0.0769230769230769,0.0769230769230769,0.192857142857143,0,0.5,0.00259404057480981,0.00172936038320654,0,0
12534,Bloodthirst,"Black Metal","France",Split-up,0.0820512820512821,0.0769230769230769,0.120481927710843,0.138488156368101,0.375,0.00151850003564554,0.0017225290307796,0.000210294270381447,0.00312849750831553
2171,Anorexia Nervosa,"Death Metal (early), Symphonic Black Metal (later)","France",On hold,0.0753532182103611,0.0769230769230769,0.308510638297872,0.272942439488418,0.375,0.00136142207103161,0.00155033631407229,0.000371589861240742,0.00789427933360783
370,Taake,"Black Metal","Norway",Active,0.0542986425339367,0.0769230769230769,0.192949907235622,0.855297929235309,0.125,0.000457929271762497,0.00127281777533259,0.000391665957874697,0.0103143535065483
900,Rage,"Heavy/Speed/Power Metal","Germany",Active,0.04644412191582,0.0769230769230769,0.0864061640066043,0,0.5,0.00189642079453911,0.00126428052969274,0,0
158,Demons & Wizards,"Power Metal","United States",Active,0.0703296703296703,0.0769230769230769,0.168316831683168,0,0.375,0.00161696643037085,0.00107797762024723,0,0
16569,Subterranean Masquerade,"Psychedelic Progressive Metal","Israel",Active,0.207045291157441,0.230769230769231,0.348684210526316,0.827031473382567,0.5,0,0,0,0
8,Dark Tranquillity,"Melodic Death Metal","Sweden",Active,0.164712610809265,0.230769230769231,0.278453829634932,0.827031473382567,0.5,0,0,0,0
3540318339,Dyscordia,"Progressive Metal","Belgium",Active,0.162299239222316,0.153846153846154,0.974683544303797,0.794569598082554,0.5,0,0,0,0
16613,Betzefer,"Groove Metal/Metalcore","Israel",Active,0.150706436420722,0.153846153846154,0.129186602870813,0.855297929235309,0.5,0,0,0,0
3540322690,Souls of Diotima,"Progressive/Power Metal","Italy",Active,0.137388193202147,0.153846153846154,0.932960893854749,0.794569598082554,0.5,0,0,0,0
33086,In Vain,"Progressive Death/Black Metal","Norway",Active,0.127320954907162,0.153846153846154,0.393669634025717,0.855297929235309,0.625,0,0,0,0
25189,The Ocean,"Progressive/Atmospheric Sludge Metal/Post-Hardcore","Germany",Active,0.109401709401709,0.153846153846154,0.287219101123595,0.855297929235309,0.5,0,0,0,0
3540423922,Stonelayer,"Progressive Metal/Rock","United States",Active,0.0829732065687122,0.0769230769230769,1,0.827031473382567,0.375,0,0,0,0
3540454992,Dancing Sun,"Progressive Metal","Austria",Active,0.0829732065687122,0.0769230769230769,0.981981981981982,0.87961747429865,0,0,0,0,0
44911,Undertaker,"Death Metal","Israel",Split-up,0.0825096691018479,0.0769230769230769,1,0.0232878012170882,0.5,0,0,0,0
3540357408,Halcyon,"Progressive Black Metal","Canada",Active,0.0815979600509987,0.0769230769230769,1,0.623524246872137,0.5,0,0,0,0
3540369309,Omb,"Progressive/Avant-garde Metal","Israel",Active,0.0815979600509987,0.0769230769230769,0.976190476190476,0.671852104654895,0.625,0,0,0,0
39523,Castillion,"Power/Progressive Metal","Sweden",Active,0.0811496196111581,0.0769230769230769,0.990712074303406,0.57260664193259,0.5,0,0,0,0
3540412217,Throane,"Black Metal","France",Active,0.0811496196111581,0.0769230769230769,0.738738738738739,0.827031473382567,0,0,0,0,0
3540358429,Tod Huetet Uebel,"Black Metal","Portugal",Split-up,0.0811496196111581,0.0769230769230769,0.296028880866426,0,0.375,0,0,0,0
3540392115,Sensorium,"Power Metal","Israel",Active,0.0807061790668348,0.0769230769230769,0.909090909090909,0.757799595527554,0.5,0,0,0,0
3540400271,Dawn of Dissolution,"Melodic Death/Black/Power Metal","United States",Active,0.0807061790668348,0.0769230769230769,0.720779220779221,0.827031473382567,0.5,0,0,0,0
3540345993,Jotnar,"Melodic Death Metal","Spain",Active,0.0802675585284281,0.0769230769230769,0.815,0.827031473382567,0.5,0,0,0,0
3540355453,Bloody Hammers,"Doom Metal/Hard Rock","United States",Active,0.0802675585284281,0.0769230769230769,0.52112676056338,0.87961747429865,0.5,0,0,0,0
3540380495,Jacobs Moor,"Progressive Power/Thrash Metal","Austria",Active,0.0798336798336798,0.0769230769230769,0.915966386554622,0.827031473382567,0.5,0,0,0,0
3540325053,Ommatidia,"Gothic Metal","France",On hold,0.0798336798336798,0.0769230769230769,0.840731070496084,0.757799595527554,0.5,0,0,0,0
3540423369,Perpetual Night,"Melodic Death Metal","Spain",Active,0.0794044665012407,0.0769230769230769,0.969788519637462,0.855297929235309,0.5,0,0,0,0
3540272361,Damnation Defaced,"Melodic/Progressive Death Metal","Germany",Active,0.0794044665012407,0.0769230769230769,0.958208955223881,0.87961747429865,0.5,0,0,0,0
46931,Frequency,"Heavy Metal","Sweden",Active,0.0794044665012407,0.0769230769230769,0.306666666666667,0.414929126335629,0.5,0,0,0,0
3540451303,The Ghost Next Door,"Heavy/Progressive Metal/Rock","United States",Active,0.078979843685726,0.0769230769230769,0.605405405405405,0.87961747429865,0.5,0,0,0,0
3540329498,Dominanz,"Industrial Black Metal","Norway",Active,0.0785597381342062,0.0769230769230769,0.819796954314721,0.87961747429865,0.5,0,0,0,0
62938,Arkan,"Melodic Death Metal with Middle Eastern influences","France",Active,0.0785597381342062,0.0769230769230769,0.191666666666667,0.794569598082554,0.625,0,0,0,0
3540337124,Red Rose,"Melodic Power Metal","Israel",Active,0.0785597381342062,0.0769230769230769,0.15028901734104,0.757799595527554,0.375,0,0,0,0
3540350534,Kontinuum,"Progressive Post-Black Metal","Iceland",Active,0.0781440781440781,0.0769230769230769,0.922636103151863,0.855297929235309,0.5,0,0,0,0
3540378658,Morning Dwell,"Power Metal","Sweden",Active,0.0781440781440781,0.0769230769230769,0.504347826086956,0.794569598082554,0.5,0,0,0,0
7405,Watch Me Fall,"Melodic Death Metal","Finland",Split-up,0.0777327935222672,0.0769230769230769,0.0865384615384615,0.138488156368101,0.5,0,0,0,0
35700,Cryptik Howling,"Melodic Black Metal","Canada",Active,0.0769230769230769,0.0769230769230769,0.699346405228758,0.671852104654895,0.5,0,0,0,0
3540403505,Ghost City,"Symphonic Power Metal","Italy",Active,0.0765245117576724,0.0769230769230769,0.851458885941645,0.757799595527554,0.5,0,0,0,0
3540336895,Crisix,"Thrash Metal","Spain",Active,0.0765245117576724,0.0769230769230769,0.404438964241677,0.87961747429865,0.5,0,0,0,0
1263,Ceremonial Oath,"Death Metal (early), Melodic Death Metal (later)","Sweden",Active,0.0765245117576724,0.0769230769230769,0.181467181467181,0.0431013605879718,0.5,0,0,0,0
111334,The Silent Rage,"Melodic Power Metal","Greece",Active,0.0749707145646232,0.0769230769230769,0.131147540983607,0.855297929235309,0.5,0,0,0,0
114028,Sarea,"Melodic Death Metal/Metalcore","Sweden",Active,0.0745920745920746,0.0769230769230769,0.213414634146341,0.855297929235309,0.5,0,0,0,0
771,Eidolon,"Power/Thrash/Speed Metal","Canada",Active,0.0742172400463858,0.0769230769230769,0.136212624584718,0.757799595527554,0.5,0,0,0,0
881,Psychotic Waltz,"Progressive Metal","United States",Active,0.0731150038080731,0.0769230769230769,0.544426494345719,0,0.5,0,0,0,0
3540325883,Brymir,"Symphonic/Melodic Death/Pagan Metal","Finland",Active,0.0720450281425891,0.0769230769230769,0.183767228177642,0.87961747429865,0.5,0,0,0,0
19701,Alcest,"Black Metal (early), Post-Metal/Shoegaze (later)","France",,0.0699963543565439,0.0769230769230769,0.132056451612903,0.87961747429865,0,0,0,0,0
153,Sacred Steel,"Epic Power Metal","Germany",Active,0.0699963543565439,0.0769230769230769,0.0806010928961749,0.794569598082554,0.5,0,0,0,0
3540362897,Eternal Storm,"Melodic Death Metal","Spain",Active,0.0690150970524802,0.0769230769230769,0.135931558935361,0.87961747429865,0.25,0,0,0,0
3174,The Arrow,"Heavy Metal","Russia",Active,0.0680609712867777,0.0769230769230769,0.150375939849624,0.414929126335629,0.375,0,0,0,0
47836,Sonic Syndicate,"Melodic Groove Metal (early), Alternative Rock/Metalcore (later)","Sweden",Active,0.0680609712867777,0.0769230769230769,0.133774834437086,0.827031473382567,0.375,0,0,0,0
234,Bolt Thrower,"Death Metal","United Kingdom",Split-up,0.0671328671328671,0.0769230769230769,0.228915662650602,0.855297929235309,0.375,0,0,0,0
329,Iron Savior,"Speed/Power Metal","Germany",Active,0.0665280665280665,0.0769230769230769,0.176646706586826,0.87961747429865,0.5,0,0,0,0
4431,Nightrage,"Melodic Death Metal","Greece",Active,0.0600375234521576,0.0769230769230769,0.105781865965834,0.87961747429865,0.5,0,0,0,0
114,Decapitated,"Technical Death Metal (early), Death/Groove Metal (later)","Poland",Active,0.0544990065285268,0.0769230769230769,0.0998062015503876,0.827031473382567,0.5,0,0,0,0
63,Haggard,"Progressive Death Metal (early), Classical/Orchestral/Symphonic Metal (later)","Germany",Active,0.046590633341422,0.0769230769230769,0.0838709677419355,0.467151022118185,0.75,0,0,0,0
3540289430,Devin Townsend Project,"Progressive Metal/Rock, Ambient","Canada",Split-up,0.0434389140271493,0.0769230769230769,0.395950506186727,0.855297929235309,0.75,0,0,0,0
